edit_month	page_id	page_title	edit_count
2015-01	14845	Edmond_Debeaumarché	7
2015-01	13297	Kieu	3
2015-01	13268	Bucharest	2
2015-01	8045	Ngāti_Kurapoto	2
2015-01	14761	Trojany	1
2015-01	14735	University_Hiperu_o_Hiruharama	1
2015-01	14698	Guatimac	1
2015-01	12196	Reo_Asturias	1
2015-01	4601	Te_Moana-a-Toi	1
2015-01	14817	Céline_Dion	1
2015-02	14848	Sergio_Mattarella	2
2015-02	14863	VietJet_Air	2
2015-02	675	Ōtepoti	2
2015-02	13212	Koroātia	1
2015-02	1065	Te_Atairangikaahu	1
2015-02	14596	Bukan	1
2015-02	13886	Sargodha	1
2015-02	13226	Poho_o_Pita	1
2015-02	12285	Itāria	1
2015-02	14061	Moutere_Aranga	1
2015-03	14468	Sandy	3
2015-03	13700	Reo_Huitene	3
2015-03	4850	Araka	2
2015-03	3639	Reo_Kōrea	2
2015-03	4820	Whoreta	2
2015-03	4511	Cantabria	1
2015-03	5878	Newara	1
2015-03	12911	Kānapera	1
2015-03	13263	Minsk	1
2015-03	13526	Mēhiko	1
2015-04	14932	Kyrkslätt	2
2015-04	13174	Etonia	2
2015-04	14925	Ohcejohka	2
2015-04	14019	Reo_Pōtikī	2
2015-04	14927	Enontekiö	1
2015-04	14048	Rio_de_Janeiro	1
2015-04	14926	Eanodat	1
2015-04	14029	Parīhi	1
2015-04	12475	Heretaunga	1
2015-04	14930	Närpes	1
2015-05	9296	Paerata	10
2015-05	13525	Canada	2
2015-05	4850	Araka	2
2015-05	3360	Te_Whanga-nui-a-Tara	2
2015-05	1010	Ngāti_Kahungunu	2
2015-05	12482	Ngāmotu	2
2015-05	14942	Kuipeka	2
2015-05	1057	Maramataka	2
2015-05	4873	Itaho	2
2015-05	665	Aotearoa	2
2015-06	1065	Te_Atairangikaahu	3
2015-06	13540	Barack_Obama	3
2015-06	13848	Mumbai	1
2015-06	13231	Rakapuō	1
2015-06	13953	Pākaratēhi	1
2015-06	14946	Helsingfors	1
2015-06	13768	Kyoto	1
2015-06	13160	Whinirana	1
2015-07	12782	Te_Kura_Teitei_o_Hāto_Petera	3
2015-07	1114	Nipono	2
2015-07	1010	Ngāti_Kahungunu	2
2015-07	1144	Ahitereiria	2
2015-07	1035	Wairarapa	2
2015-07	8068	Ngāti_Uenuku_(Ngāti_Tūwharetoa_ki_Tongariro)	2
2015-07	14953	Łobez	1
2015-07	13542	Whiratarawhia	1
2015-07	13216	Kirihi	1
2015-07	1033	Kīngitanga_Kotahi	1
2015-08	12915	Hononga-o-Amerika	10
2015-08	14737	Hiruharama_(City)	6
2015-08	14968	Wharetaonga_o_ngā_Whenua_Paipera	5
2015-08	6257	Te_Whānau-a-Umuariki	4
2015-08	14994	Mickey_Mouse	4
2015-08	12285	Itāria	4
2015-08	1601	Tiamana	3
2015-08	14993	Sesame_Street	3
2015-08	12256	Wīwī	3
2015-08	1548	Pāniora	3
2015-09	15008	Ao_o_Kiwa	3
2015-09	8189	Ngāti_Hinearo	2
2015-09	8200	Ngāti_Tuera	2
2015-09	15007	North_America	2
2015-09	13162	Rāwhia	2
2015-09	13734	Kōrea-ki-te-raki	2
2015-09	15005	Africa	2
2015-09	14998	Te_Reo_Tātaki_o_Aotearoa	1
2015-09	15001	U.S.	1
2015-09	12067	Koromiko_(Tauihu)	1
2015-10	15029	Āhia-ki-te-Rāwhiti	23
2015-10	13641	Haina	14
2015-10	13953	Pākaratēhi	4
2015-10	1529	Taiwana	3
2015-10	14468	Sandy	2
2015-10	1124	Hongipua	2
2015-10	6163	Ngāti_Rongomaiwahine	2
2015-10	1038	Īnia	2
2015-10	12915	Hononga-o-Amerika	1
2015-10	15032	East_Asia	1
2015-11	15114	Paparahi	23
2015-11	13899	Āwherika	19
2015-11	15263	Ao-o-Kiwa	18
2015-11	13672	Āhia	18
2015-11	15029	Āhia-ki-te-Rāwhiti	9
2015-11	12922	Amerika-ki-te-Raki	4
2015-11	14085	Sucre	2
2015-11	15183	Kazakhstan	2
2015-11	14067	Quito	2
2015-11	15181	Indonesia	2
2015-12	15524	Rārangi_whenua_ā-taupori	25
2015-12	12922	Amerika-ki-te-Raki	21
2015-12	15527	Rārangi_whenua,_takiwā_whirinaki_ā-rahinga	15
2015-12	14030	Amerika_ki_te_Tonga	14
2015-12	15263	Ao-o-Kiwa	8
2015-12	15500	Flóra_Kádár	4
2015-12	1570	Ūropi	4
2015-12	15481	Nippon_Television	3
2015-12	13672	Āhia	3
2015-12	13899	Āwherika	2
2016-01	15527	Rārangi_whenua,_takiwā_whirinaki_ā-rahinga	11
2016-01	15524	Rārangi_whenua_ā-taupori	5
2016-01	15261	Tiri_o_te_Moana	4
2016-01	13672	Āhia	4
2016-01	1570	Ūropi	4
2016-01	13537	Phoenix,_Arerona	2
2016-01	14468	Sandy	2
2016-01	15654	Moutere_Aaland	1
2016-01	15481	Nippon_Television	1
2016-01	15629	List_of_countries_and_dependencies_by_population	1
2016-02	14078	Trujillo,_Perū	1
2016-02	15663	Kawa_(kiriata)	1
2016-02	13241	Tākei	1
2016-02	13844	Joan_Miró	1
2016-02	13226	Poho_o_Pita	1
2016-02	15500	Flóra_Kádár	1
2016-02	2699	Marama_(maramataka)	1
2016-02	13702	Kaunas	1
2016-02	15665	Continent	1
2016-02	13203	Michelangelo	1
2016-03	13759	Reo_Hapani	4
2016-03	1114	Nipono	3
2016-03	3631	Ihu_Karaiti	3
2016-03	13330	Ātene	2
2016-03	15481	Nippon_Television	2
2016-03	3287	Patricia_Grace	2
2016-03	15668	Hīraka	2
2016-03	14019	Reo_Pōtikī	1
2016-03	13702	Kaunas	1
2016-03	15669	Three	1
2016-04	4724	Huia	2
2016-04	15681	Te_Institute_Hiero	2
2016-04	13650	Nanchang	2
2016-04	1913	Kiore	1
2016-04	13259	Bratislava	1
2016-04	986	Kāi_Tahu	1
2016-04	5046	Miro	1
2016-04	5630	Pukanui	1
2016-04	5042	Kahikatea	1
2016-04	13334	Guido_Reni	1
2016-05	13307	Albrecht_Dürer	2
2016-05	9514	Tuateawa	2
2016-05	10657	Peka_Peka	1
2016-05	13268	Bucharest	1
2016-05	6536	Ngāti_Tamainu	1
2016-05	8351	Te_Whānau-a-Kauaetangohia	1
2016-05	2472	Katarōnia	1
2016-05	3360	Te_Whanga-nui-a-Tara	1
2016-05	14031	Āketina	1
2016-05	14468	Sandy	1
2016-06	15690	Marama_Kahu_Fox	10
2016-06	1155	Tōrangapū_Māori	2
2016-06	15695	Irirangi_Te_Motu	2
2016-06	15694	Pāti_Māori	2
2016-06	2472	Katarōnia	1
2016-06	15691	Marama_Fox	1
2016-06	13372	Madrid	1
2016-06	15681	Te_Institute_Hiero	1
2016-06	13548	Motokā	1
2016-06	14029	Parīhi	1
2016-07	15698	Te_Māngai_Pāho	6
2016-07	4664	Meri_Te_Tai_Mangakāhia	6
2016-07	15690	Marama_Kahu_Fox	3
2016-07	13373	Drake_(kaiwaiata)	2
2016-07	15695	Irirangi_Te_Motu	2
2016-07	2699	Marama_(maramataka)	1
2016-07	15500	Flóra_Kádár	1
2016-07	13543	Heātara	1
2016-07	13309	Tapurini	1
2016-07	12276	Perū	1
2016-08	585	Reo_Māori	3
2016-08	14207	Nha_Trang	2
2016-08	13827	Ōhu	1
2016-08	13769	Fukuoka	1
2016-08	13765	Sapporo	1
2016-08	13760	Tōkio	1
2016-08	13762	Yokohama	1
2016-08	13594	Randers	1
2016-08	13598	Horsens	1
2016-08	15690	Marama_Kahu_Fox	1
2016-09	4892	Pokotiwha	3
2016-09	996	Ōtautahi	3
2016-09	15681	Te_Institute_Hiero	2
2016-09	2694	Korokio	1
2016-09	13305	St_Peter_Port	1
2016-09	14020	Anakora	1
2016-09	5842	Huitene	1
2016-09	15713	Teresa_Teng	1
2016-09	13962	Ukānga	1
2016-09	12873	Whenua_Hou	1
2016-10	15725	Te_Whare_Mātakitaki_o_te_Ahurea_Pirihitini	9
2016-10	15717	Peho_Hiri	5
2016-10	15720	Āmiorangi	3
2016-10	585	Reo_Māori	2
2016-10	15724	Western_Wall_Plaza	2
2016-10	12913	John_Michael_Talbot	2
2016-10	575	Māori	2
2016-10	15481	Nippon_Television	1
2016-10	13305	St_Peter_Port	1
2016-10	15726	Te_Museum_o_Pirihitini_Culture	1
2016-11	13192	George_Washington	6
2016-11	15727	Dragon_Ball_Z	4
2016-11	5976	Ngāti_Pakahi	4
2016-11	4094	Aotearoa_Tuatahi	2
2016-11	5872	Mehekina	1
2016-11	1115	Rōpū_Reipa_o_Aotearoa	1
2016-11	13873	Pakitāne	1
2016-11	12764	Te_Hunga_Mahi	1
2016-11	14708	Sung_Jae-gi	1
2016-11	13974	Kandahar	1
2016-12	15735	City_o_Rawiri	3
2016-12	15738	Krav_Maga	3
2016-12	15737	Mini_Iharaira	2
2016-12	13016	John_Key	2
2016-12	15732	Bill_English	2
2016-12	5976	Ngāti_Pakahi	2
2016-12	13373	Drake_(kaiwaiata)	2
2016-12	13260	Chișinău	1
2016-12	15736	Chişinău	1
2016-12	15733	Abir	1
2017-01	1158	Marae	2
2017-01	15741	Ferdinand_Marcos	2
2017-01	6679	Ngāti_Paeahi	1
2017-01	13981	Reo_Pāhia	1
2017-01	13980	Reo_Pahitū	1
2017-01	13978	Mazar-i-Sharif	1
2017-01	13975	Herat	1
2017-01	13209	Parī	1
2017-01	13979	Kunduz	1
2017-01	13974	Kandahar	1
2017-02	585	Reo_Māori	2
2017-02	10482	Makahika	2
2017-02	15690	Marama_Kahu_Fox	2
2017-02	9025	Oakleigh	1
2017-02	13939	Kēnia	1
2017-02	1157	Reo_Pākehā	1
2017-02	5982	Ngāti_Ruamahue	1
2017-02	10885	Arundel	1
2017-02	10375	Tutaenui	1
2017-02	9511	Colville	1
2017-03	6175	Ngāti_Te_Rangikoianake	6
2017-03	3058	Te_Aroha	2
2017-03	13734	Kōrea-ki-te-raki	2
2017-03	12978	Ūkareinga	1
2017-03	1144	Ahitereiria	1
2017-03	12977	Rūhia	1
2017-03	13873	Pakitāne	1
2017-03	3294	Te_Rauparaha	1
2017-03	1143	Īrāna	1
2017-03	15727	Dragon_Ball_Z	1
2017-04	15761	Šiprage	5
2017-04	15757	Kim_Il-sung	3
2017-04	1590	Initonīhia	2
2017-04	585	Reo_Māori	2
2017-04	13759	Reo_Hapani	2
2017-04	14754	Rōpū_Nāhinara_o_Aotearoa	2
2017-04	13328	Sarajevo	1
2017-04	4810	Arapama	1
2017-04	12195	Reo_Arakona	1
2017-04	14848	Sergio_Mattarella	1
2017-05	1035	Wairarapa	4
2017-05	15761	Šiprage	4
2017-05	10670	Rangiwhakaoma	3
2017-05	15774	Baskin-Robbins	2
2017-05	14596	Bukan	2
2017-05	15772	Nokoreach	2
2017-05	15773	Natalia_Korolewa	2
2017-05	13672	Āhia	1
2017-05	13217	Makerōnia	1
2017-05	15769	Eketāhuna	1
2017-06	14302	Alexander_Nikolayevich_Samokhvalov	5
2017-06	15761	Šiprage	4
2017-06	15779	Reo_Kurutānga	4
2017-06	1114	Nipono	3
2017-06	15776	Ketisí	3
2017-06	6439	Ngāti_Wehiwehi_(Ngāti_Raukawa)	2
2017-06	13209	Parī	2
2017-06	12256	Wīwī	2
2017-06	15777	Kurutānga	2
2017-06	5010	Aiowa	1
2017-07	15263	Ao-o-Kiwa	3
2017-07	665	Aotearoa	3
2017-07	15761	Šiprage	3
2017-07	675	Ōtepoti	3
2017-07	15844	Michael_Jackson	3
2017-07	657	Tāmaki-makau-rau	3
2017-07	4608	Tauranga-moana	2
2017-07	2771	Irihāpeti_te_Tuarua	2
2017-07	13263	Minsk	2
2017-07	985	Rārangi_iwi	2
2017-08	13204	Arapeinia	3
2017-08	15850	Pizza_Hut	3
2017-08	15851	Carl's_Jr.	2
2017-08	14738	Iharaira	2
2017-08	6321	Ngāti_Te_Oro_(Ngāti_Hauā)	2
2017-08	13309	Tapurini	1
2017-08	15846	Christina_Aguilera	1
2017-08	13445	Francesco_Melzi	1
2017-08	13224	Hēwia	1
2017-08	1115	Rōpū_Reipa_o_Aotearoa	1
2017-09	15859	Layal_Abboud	4
2017-09	7943	Te_Patukirikiri	4
2017-09	4753	Pīpīwharauroa	2
2017-09	15761	Šiprage	1
2017-09	12915	Hononga-o-Amerika	1
2017-09	13131	Euro	1
2017-09	2472	Katarōnia	1
2017-09	15864	Kāna	1
2017-09	14020	Anakora	1
2017-09	15865	Disney_Channel	1
2017-10	665	Aotearoa	2
2017-10	15873	Jacinda_Ardern	2
2017-10	6507	Ngāti_Pareteata_(Ngāti_Rārua)	2
2017-10	1115	Rōpū_Reipa_o_Aotearoa	2
2017-10	15869	Kelvin_Davis	2
2017-10	1110	Mema_Pāremata_o_Aotearoa	1
2017-10	15871	Ngāti_Kairarunga	1
2017-10	15870	Ngāti_Paretona	1
2017-10	14754	Rōpū_Nāhinara_o_Aotearoa	1
2017-10	13426	Atāna	1
2017-11	4524	Kōtirana	7
2017-11	13320	Rānana	3
2017-11	1849	Ingarangi	3
2017-11	13269	Mohikau	3
2017-11	1033	Kīngitanga_Kotahi	3
2017-11	12597	Ngāti_Meroiti	2
2017-11	6218	Ngāti_Putaanga	2
2017-11	13695	Piene_Hoa	2
2017-11	4525	Wēra	2
2017-11	13300	Tallinn	1
2017-12	13181	Pōrana	13
2017-12	15865	Disney_Channel	3
2017-12	13381	Whiena	2
2017-12	13228	Ateria	2
2017-12	12285	Itāria	2
2017-12	15888	Tukumanatānga	2
2017-12	5010	Aiowa	1
2017-12	5066	Rōeihīana	1
2017-12	13539	Takiwā_o_Koromōpia	1
2017-12	13204	Arapeinia	1
2018-01	6076	Te_Pohotiare	4
2018-01	1124	Hongipua	3
2018-01	13320	Rānana	2
2018-01	13873	Pakitāne	2
2018-01	15779	Reo_Kurutānga	2
2018-01	15733	Abir	2
2018-01	15873	Jacinda_Ardern	1
2018-01	15669	Three	1
2018-01	13541	Pohotone	1
2018-01	13174	Etonia	1
2018-02	15669	Three	2
2018-02	662	Tiriti_o_Waitangi	2
2018-02	7040	1906	1
2018-02	6925	1783	1
2018-02	10899	Huntingdon	1
2018-02	7044	1910	1
2018-02	13264	Pakangakite	1
2018-02	4724	Huia	1
2018-02	6922	1780	1
2018-02	6895	1751	1
2018-03	6529	Ngāti_Tamaterā	5
2018-03	3270	Hōne_Heke	4
2018-03	8240	Ngāti_Haupoto	3
2018-03	6534	Ngāti_Tahinga	3
2018-03	7943	Te_Patukirikiri	3
2018-03	15761	Šiprage	2
2018-03	2771	Irihāpeti_te_Tuarua	2
2018-03	14055	Hiri	2
2018-03	665	Aotearoa	2
2018-03	12935	Ngāti_Maru	2
2018-04	4948	Matuku_tai	2
2018-04	10185	Mangapehi	1
2018-04	13718	Vantaa	1
2018-04	1967	Matariki	1
2018-04	15904	Natalia_Oreiro	1
2018-04	13782	Tangerang	1
2018-04	14243	Curitiba	1
2018-04	15865	Disney_Channel	1
2018-05	4680	Hāmiora_Mangakāhia	4
2018-05	9498	Taringamotu	4
2018-05	10191	Porootarao	3
2018-05	8815	Rangiahua	3
2018-05	5991	Ngāti_Toki_(Ngā_Puhi)	2
2018-05	11128	Glenorchy	2
2018-05	13028	Tāra_o_Hononga-o-Amerika	2
2018-05	4880	Hoiho	2
2018-05	10943	Kowai_Bush	2
2018-05	2671	Murihiku	2
2018-06	15916	Edirne	11
2018-06	15915	Monte_Águila_(Hiri)	3
2018-06	1548	Pāniora	3
2018-06	12915	Hononga-o-Amerika	2
2018-06	12997	Whenua	2
2018-06	3631	Ihu_Karaiti	2
2018-06	1028	Fabaceae	2
2018-06	13314	Riga	1
2018-06	12195	Reo_Arakona	1
2018-06	13588	Kristiansand	1
2018-07	9226	Nga_Taikorapa	2
2018-08	15921	Mandiraja	9
2018-08	15922	Ghil'ad_Zuckermann	9
2018-08	988	Witi_Ihimaera	2
2018-08	15923	Hiruharama_(Iharaira)	2
2018-08	1590	Initonīhia	2
2018-08	14735	University_Hiperu_o_Hiruharama	2
2018-08	15735	City_o_Rawiri	1
2018-08	14736	National_Library_o_Iharaira	1
2018-08	14020	Anakora	1
2018-08	4851	Arerona	1
2018-09	13434	Reo_Wīwī	3
2018-09	8045	Ngāti_Kurapoto	2
2018-09	10732	Whāngaimoana	2
2018-09	3834	Kuki_Airani	2
2018-09	979	Ture_Reo_Māori_1987	1
2018-09	15927	Jonas_Erik_Altberg	1
2018-09	13672	Āhia	1
2018-09	2478	Te_Wiki_o_te_Reo_Māori	1
2018-09	14754	Rōpū_Nāhinara_o_Aotearoa	1
2018-09	15926	Basshunter	1
2018-10	6440	Ngāti_Wehiwehi_(Ngāti_Raukawa_ki_Waikato)	6
2018-10	665	Aotearoa	4
2018-10	13241	Tākei	4
2018-10	6518	Ngāti_Ruru_(Ngāti_Māhanga)	2
2018-10	12999	Pāuna	2
2018-10	15926	Basshunter	2
2018-10	6441	Ngāti_Wehiwehi_(Ngāti_Raukawa_ki_te_tonga)	1
2018-10	1588	Whitināmu	1
2018-10	13449	Yerevan	1
2018-10	5842	Huitene	1
2018-11	14994	Mickey_Mouse	13
2018-11	13647	Shenzhen	4
2018-11	15944	Offenbach	3
2018-11	13646	Guangzhou	3
2018-11	6502	Ngāti_Reko_(Ngāti_Mahuta)	2
2018-11	1143	Īrāna	2
2018-11	1548	Pāniora	2
2018-11	1110	Mema_Pāremata_o_Aotearoa	2
2018-11	13224	Hēwia	2
2018-11	657	Tāmaki-makau-rau	2
2018-12	14029	Parīhi	2
2018-12	15946	Pūrangapū_ā-motu_(Parīhi)	2
2018-12	13526	Mēhiko	1
2018-12	8357	Te_Whānau-a-Te_Paeururangi	1
2018-12	13200	Tīekia	1
2018-12	13325	Tirana	1
2019-01	1124	Hongipua	2
2019-01	14075	Rima	2
2019-01	13200	Tīekia	2
2019-01	1143	Īrāna	2
2019-01	13234	Atepaihānia	2
2019-01	5654	Poronai	2
2019-01	14048	Rio_de_Janeiro	1
2019-01	4878	Hākoakoa	1
2019-02	662	Tiriti_o_Waitangi	2
2019-02	14998	Te_Reo_Tātaki_o_Aotearoa	2
2019-02	9268	Whatipu	2
2019-02	14075	Rima	2
2019-02	4491	E_Ihowa_Atua	2
2019-02	13308	Reykjavik	1
2019-02	13217	Makerōnia	1
2019-02	7114	1984	1
2019-02	1115	Rōpū_Reipa_o_Aotearoa	1
2019-02	15955	Mediacorp	1
2019-03	13173	Nōwei	85
2019-03	4975	Kōtuku	2
2019-03	1547	Kāmaka	2
2019-03	14087	La_Paz,_Poriwia	2
2019-03	1033	Kīngitanga_Kotahi	2
2019-03	6549	Ngāti_Wairere	2
2019-03	13825	Jan_Matejko	1
2019-03	12601	Ngāti_Kere	1
2019-03	12995	Tāra	1
2019-03	1144	Ahitereiria	1
2019-04	11414	Kuri_Bush	4
2019-04	14045	Brasília	4
2019-04	13434	Reo_Wīwī	3
2019-04	13192	George_Washington	2
2019-04	2650	Nga_Kaiwhakaatu_o_Ihowa	1
2019-04	15926	Basshunter	1
2019-04	13188	Horowākia	1
2019-04	1114	Nipono	1
2019-04	15741	Ferdinand_Marcos	1
2019-05	15966	Naruhito	12
2019-05	6441	Ngāti_Wehiwehi_(Ngāti_Raukawa_ki_te_tonga)	6
2019-05	1548	Pāniora	2
2019-05	1157	Reo_Pākehā	2
2019-05	13961	Reo_Penekara	2
2019-05	13300	Tallinn	1
2019-05	13174	Etonia	1
2019-05	13883	Gujranwala	1
2019-05	13758	Sariwon	1
2019-05	13882	Hyderabad_(Pakistan)	1
2019-06	3275	Tainui	2
2019-06	13264	Pakangakite	2
2019-06	984	Apirana_Ngata	2
2019-06	15029	Āhia-ki-te-Rāwhiti	2
2019-06	12984	Kotahitanga_o_Ūropi	1
2019-06	15524	Rārangi_whenua_ā-taupori	1
2019-06	3731	Hoani_Nahe	1
2019-06	15969	Ngāti_Tarāwhai	1
2019-06	14023	Huambo	1
2019-06	12427	Potukara	1
2019-07	15972	Koromōpia	5
2019-07	6534	Ngāti_Tahinga	4
2019-07	15973	Pokata	3
2019-07	13264	Pakangakite	2
2019-07	6248	Te_Whānau-a-Ruataupare	2
2019-07	15915	Monte_Águila_(Hiri)	2
2019-07	14068	Guayaquil	2
2019-07	8171	Aotea_(waka)	2
2019-07	5000	Pūkeko	1
2019-07	14071	Cuenca,_Ekuatoa	1
2019-08	665	Aotearoa	2
2019-08	11958	Ngātīmoti	2
2019-08	8924	Hūkerenui	2
2019-08	15916	Edirne	2
2019-08	9795	Ngongotahā_Valley	2
2019-08	5604	Aute	1
2019-08	15985	Ngatimoti	1
2019-08	13530	Ngā_Ānahera	1
2019-08	15986	Ngongotaha_Valley	1
2019-08	15984	Hukerenui	1
2019-09	1403	Rotorua-nui-a-Kahumatamomoe	6
2019-09	1033	Kīngitanga_Kotahi	2
2019-09	15994	Mongōro	2
2019-09	14029	Parīhi	1
2019-09	13269	Mohikau	1
2019-09	4022	Rotorua	1
2019-09	13177	Moutere_Whāro	1
2019-09	15991	Marek_Sobola	1
2019-09	2637	Rotorua_Moana	1
2019-09	15989	Rotorua-nui-a-Kahu	1
2019-10	1932	Kāpene_Kuki	3
2019-10	13241	Tākei	2
2019-10	6073	Ngāti_Kaha	2
2019-10	9642	Hirata	2
2019-10	1114	Nipono	1
2019-10	12984	Kotahitanga_o_Ūropi	1
2019-10	13449	Yerevan	1
2019-11	13548	Motokā	4
2019-11	13258	Budapest	2
2019-11	2483	Wikipedia	2
2019-11	15713	Teresa_Teng	2
2019-11	13240	Katatānga	2
2019-11	6095	Ngāi_Tahu_Matawhaiti	2
2019-11	15757	Kim_Il-sung	2
2019-11	13838	Petaling_Jaya	1
2019-11	13828	Marēhia	1
2019-11	1590	Initonīhia	1
2019-12	16011	Hairy_Maclary_and_Friends	11
2019-12	16012	Lynley_Dodd	7
2019-12	12130	Ngāti_Te_Ao_(Muaupoko)	5
2019-12	16014	Margaret_Mahy	5
2019-12	16015	Kapu_Intercontinental	4
2019-12	16013	Patsy_Reddy	4
2019-12	13333	Skopje	1
2019-12	13356	Belgrade	1
2019-12	13269	Mohikau	1
2019-12	13426	Atāna	1
2020-01	10722	Mākara	3
2020-01	12984	Kotahitanga_o_Ūropi	3
2020-01	10662	Ōtaki_Forks	2
2020-01	9704	Matatā	2
2020-01	9516	Kūaotunu	2
2020-01	9280	Āwhitu_Central	2
2020-01	9275	Āwhitu	2
2020-01	16015	Kapu_Intercontinental	2
2020-01	8867	Mōkau	2
2020-01	6429	Ngāti_Tūranga	2
2020-02	15921	Mandiraja	6
2020-02	9075	Tokatoka	4
2020-02	8920	Ōtaua	3
2020-02	6477	Ngāti_Rora	3
2020-02	12984	Kotahitanga_o_Ūropi	3
2020-02	4605	Tai-tokerau	2
2020-02	10660	Rangitūmau	2
2020-02	11953	Pōhara	2
2020-02	994	Ngā_Puhi	2
2020-02	9938	Tōrere	2
2020-03	15921	Mandiraja	7
2020-03	13173	Nōwei	6
2020-03	13160	Whinirana	4
2020-03	13183	Aaland_(Whinirana)	3
2020-03	13476	Turku	3
2020-03	13701	Reo_Whinirana	3
2020-03	16075	Poihākena	3
2020-03	8703	Taupō_Bay	3
2020-03	14929	Ānāra	2
2020-03	1849	Ingarangi	2
2020-04	585	Reo_Māori	2
2020-04	15922	Ghil'ad_Zuckermann	2
2020-04	662	Tiriti_o_Waitangi	2
2020-04	1114	Nipono	2
2020-04	4525	Wēra	1
2020-04	16090	KOWHEORI-19	1
2020-04	14031	Āketina	1
2020-04	13159	Carl_Larsson	1
2020-04	13449	Yerevan	1
2020-04	12427	Potukara	1
2020-05	11060	Ōhinetahi	2
2020-05	16111	Te_Kawerau	2
2020-05	16101	Veliko_Tarnovo	2
2020-05	16102	Ohinetahi	1
2020-05	15926	Basshunter	1
2020-05	4525	Wēra	1
2020-05	13267	Sofia	1
2020-05	15923	Hiruharama_(Iharaira)	1
2020-05	12039	Claverley	1
2020-05	11053	Allandale_(Horomaka)	1
2020-06	16120	George_W._Bush	3
2020-06	15921	Mandiraja	3
2020-06	13540	Barack_Obama	2
2020-06	13672	Āhia	2
2020-06	11993	Māriri	2
2020-06	15992	Reo_Hainamana	2
2020-06	13307	Albrecht_Dürer	1
2020-06	5668	Rārangi_ingoa_huaota	1
2020-06	1034	Ngāti_Tūwharetoa	1
2020-06	13971	Āwhekenetāna	1
2020-07	657	Tāmaki-makau-rau	3
2020-07	13582	Fredrikstad	2
2020-07	1123	Onehunga	2
2020-07	10730	Pāhaoa	2
2020-07	11124	Ōterokonui	2
2020-07	13202	Airangi	2
2020-07	582	Pākehā	2
2020-07	10674	Ākura	2
2020-07	4525	Wēra	2
2020-07	3693	Mātāpunenga	2
2020-08	15825	Uhipeketāne	5
2020-08	13672	Āhia	3
2020-08	13240	Katatānga	3
2020-08	13540	Barack_Obama	2
2020-08	9671	Ātiamuri	2
2020-08	3294	Te_Rauparaha	2
2020-08	15888	Tukumanatānga	2
2020-08	9306	Mangatāwhiri	2
2020-08	11945	East_Tākaka	2
2020-08	1114	Nipono	2
2020-09	9259	Ihumātao	2
2020-09	10642	Te_Pōhue	2
2020-09	1545	Rangitoto	2
2020-09	16206	Jeux_du_Pacifique	1
2020-09	13584	Drammen	1
2020-09	16209	Camilo	1
2020-09	4944	Taranui	1
2020-09	16203	Siligo	1
2020-09	4670	Whangārei-terenga-paraoa	1
2020-09	16210	Te_Pohue	1
2020-10	16305	Kome	4
2020-10	16327	Chase_Elliott	2
2020-10	16281	Alain_Delon	2
2020-10	13315	Ōhoro	1
2020-10	13641	Haina	1
2020-10	16317	Rajnath_Singh	1
2020-10	13655	Chengdu	1
2020-10	12984	Kotahitanga_o_Ūropi	1
2020-11	16381	Barraba	5
2020-11	4666	Waikato	3
2020-11	16340	Jimmie_Johnson	3
2020-11	6455	Ngāti_Huiao	2
2020-11	13264	Pakangakite	1
2020-11	1065	Te_Atairangikaahu	1
2020-11	13898	Reo_Hīni	1
2020-11	9176	Silverdale	1
2020-11	3834	Kuki_Airani	1
2020-11	10980	Porinīhia_Wīwī	1
2020-12	16388	Port_Macquarie	11
2020-12	13961	Reo_Penekara	10
2020-12	14029	Parīhi	3
2020-12	8313	Tamakaimoana	3
2020-12	13415	Gustave_Doré	1
2020-12	12947	Huang_Xianfan	1
2020-12	13071	Monzón	1
2020-12	13196	Romeinia	1
2021-01	13961	Reo_Penekara	11
2021-01	13981	Reo_Pāhia	3
2021-01	14029	Parīhi	2
2021-01	13971	Āwhekenetāna	2
2021-01	8313	Tamakaimoana	2
2021-01	13915	Reo_Huahīri	1
2021-01	13699	Reo_Rituānia	1
2021-01	14083	Reo_Aimāra	1
2021-01	3639	Reo_Kōrea	1
2021-01	14002	Reo_Tākei	1
2021-02	13173	Nōwei	3
2021-02	15873	Jacinda_Ardern	2
2021-02	10324	Lower_Kawhātau	2
2021-02	15922	Ghil'ad_Zuckermann	2
2021-02	12427	Potukara	1
2021-02	16511	Lower_Kawhatau	1
2021-02	13857	Hurata	1
2021-02	10484	Tīraumea	1
2021-02	16479	Tiraumea	1
2021-02	13906	Zanzibar	1
2021-03	16560	Niu_Haute_Wēra	5
2021-03	16559	Niukāhera	4
2021-03	10853	Urutāne	2
2021-03	13708	Marijampolė	2
2021-03	12109	Kurahaupō	2
2021-03	16075	Poihākena	2
2021-03	12911	Kānapera	2
2021-03	1144	Ahitereiria	1
2021-03	16518	Uretane	1
2021-03	14736	National_Library_o_Iharaira	1
2021-04	16579	Piriniha_Philip,_Tiuka_o_Ētinipara	4
2021-04	1056	Tau	3
2021-04	1144	Ahitereiria	3
2021-04	3631	Ihu_Karaiti	2
2021-04	13526	Mēhiko	2
2021-04	11274	Ōwhio	2
2021-04	13216	Kirihi	2
2021-04	16597	IU	2
2021-04	13760	Tōkio	2
2021-04	16576	Blue_Spur	1
2021-05	16621	Appendix:Australian_place_names	57
2021-05	16622	Motu_Nōpoke	9
2021-05	16075	Poihākena	8
2021-05	16617	Hakipere	7
2021-05	16618	Paremata,_Niu_Haute_Wēra	6
2021-05	16611	Poipiripi	5
2021-05	13781	Depok	5
2021-05	16388	Port_Macquarie	4
2021-05	16559	Niukāhera	4
2021-05	16610	Piripane	3
2021-06	2483	Wikipedia	2
2021-06	2771	Irihāpeti_te_Tuarua	2
2021-06	16559	Niukāhera	2
2021-06	15972	Koromōpia	2
2021-06	14073	Santo_Domingo,_Ekuatoa	1
2021-06	13962	Ukānga	1
2021-06	12524	Huiterangi	1
2021-06	585	Reo_Māori	1
2021-06	16672	Emilia	1
2021-06	16388	Port_Macquarie	1
2021-07	16764	Appendix:Town_and_city_names	25
2021-07	16729	Rārangi_whenua_o_te_Ao-o-Kiwa	12
2021-07	16621	Appendix:Australian_place_names	10
2021-07	16763	Appendix:British_place_names	10
2021-07	13073	Tuilaepa_Aiono_Sailele_Malielegaoi	6
2021-07	16710	Minecraft	5
2021-07	1144	Ahitereiria	5
2021-07	15263	Ao-o-Kiwa	4
2021-07	16708	Tāwini	4
2021-07	16721	Kuīnirani	4
2021-08	16842	Makitānara	17
2021-08	13234	Atepaihānia	11
2021-08	16787	Pīwari_o_Atepaihānia	6
2021-08	16796	Tāra_Ahitereiria	6
2021-08	665	Aotearoa	5
2021-08	16381	Barraba	4
2021-08	13530	Ngā_Ānahera	3
2021-08	15922	Ghil'ad_Zuckermann	3
2021-08	14083	Reo_Aimāra	3
2021-08	16723	Wikitōria	3
2021-09	16075	Poihākena	8
2021-09	16611	Poipiripi	7
2021-09	16723	Wikitōria	6
2021-09	16912	Niu_Karetōnia	6
2021-09	16888	Iwi_Moemoeā	6
2021-09	16867	Kararehe_poke	4
2021-09	16728	Rohe_Matua_o_Ahitereiria	4
2021-09	16721	Kuīnirani	4
2021-09	16724	Ahitereiria-ki-te-tonga	4
2021-09	12869	Reo_León	3
2021-10	17033	Ngā_Motu_Horomona	5
2021-10	5881	Niu_Mēhiko	4
2021-10	17006	Hokata_Morihana	4
2021-10	16888	Iwi_Moemoeā	3
2021-10	16986	Google_Translate	3
2021-10	16842	Makitānara	3
2021-10	6500	Ngāti_Rangitaka	3
2021-10	17047	Parehe	3
2021-10	1854	Vincent_van_Gogh	3
2021-10	5893	Tēkiki	3
2021-11	17055	Reo_Atepaihānia	12
2021-11	1592	Āwherika-ki-te-tonga	6
2021-11	17058	Tāone_nui	5
2021-11	13234	Atepaihānia	3
2021-11	17065	Whenuatū	3
2021-11	17061	Kepatāone	3
2021-11	17079	Ngā_Motu_Pitikeni	3
2021-11	17069	Ngā_Motu_Māhara	3
2021-11	17060	Hoanipāka	3
2021-11	13860	Lucknow	2
2021-12	13672	Āhia	11
2021-12	17227	Kirihimete	6
2021-12	17124	Kairo	5
2021-12	16710	Minecraft	5
2021-12	17242	Te_Whenua_Pākihi	4
2021-12	17238	Paipera	4
2021-12	17230	Aranga	4
2021-12	13527	Kirīnirangi	4
2021-12	17165	Kaiana	4
2021-12	3320	Reo_Hāmoa	4
2022-01	17294	Takāpui	6
2022-01	17291	Mahimahi	5
2022-01	17271	Tāonewhīra	4
2022-01	17283	Ngā_Orimipia	4
2022-01	13719	Ouru	4
2022-01	17322	Hoka	4
2022-01	17295	Taearo	3
2022-01	11521	Ōtaetae	3
2022-01	17317	Karipori_(kūrae)	3
2022-01	1144	Ahitereiria	3
2022-02	585	Reo_Māori	4
2022-02	17354	Ngā_whakaeke_Mahuru_11	4
2022-02	17338	G_Men	4
2022-02	17288	Kurī	3
2022-02	10190	Waimiha	2
2022-02	7350	1221	2
2022-02	17353	Urimaroa	2
2022-02	17350	Dennis_James_(tinana)	2
2022-02	13751	Nampho	2
2022-02	3761	Tame_Iti	2
2022-03	17382	Haere,_Kurī._Haere!	4
2022-03	12828	Vigo	3
2022-03	13715	Tauragė	2
2022-03	13713	Telšiai	2
2022-03	1567	Korunga	2
2022-03	1430	Te_Taura_Whiri_i_te_Reo_Māori	2
2022-03	13599	Vejle	2
2022-03	13426	Atāna	2
2022-03	13594	Randers	2
2022-03	665	Aotearoa	2
2022-04	17400	Wira_Gardiner	5
2022-04	17402	Marcello_Mastroianni	3
2022-04	3391	Ohomairangi	3
2022-04	5842	Huitene	2
2022-04	3367	Ika-a-Māui	2
2022-04	13641	Haina	2
2022-04	1056	Tau	2
2022-04	17283	Ngā_Orimipia	2
2022-04	15955	Mediacorp	2
2022-04	4806	Karapōnia	1
2022-05	12623	Rangitāne_ki_Te_Wairarapa	3
2022-05	16090	KOWHEORI-19	3
2022-05	12624	Rangitāne_ki_Wairau	3
2022-05	16986	Google_Translate	3
2022-05	585	Reo_Māori	2
2022-05	12565	Te_Kapuarangi_(Rangitāne_ki_Tāmaki_Nui-a-Rua)	2
2022-05	4733	Kārearea	2
2022-05	12603	Ngāti_Hāmua_(Rangitāne_ki_Te_Wairarapa)	2
2022-05	6334	Tākitimu	2
2022-05	11861	Ōpārara_(Tai-poutini)	2
2022-06	17033	Ngā_Motu_Horomona	4
2022-06	16986	Google_Translate	4
2022-06	17441	Whakamāori_Google	2
2022-06	17466	English_language	2
2022-06	9207	Pāremoremo	2
2022-06	17289	Ngeru	2
2022-06	16836	Raiona	2
2022-06	2483	Wikipedia	2
2022-06	13576	Bergen	1
2022-06	13022	NZD	1
2022-07	17487	Reo_Interlingue	5
2022-07	17480	Kotahitanga_o_Ngā_Iwi_o_te_Ao	5
2022-07	14468	Sandy	2
2022-07	13426	Atāna	2
2022-07	17489	Edgar_de_Wahl	2
2022-07	16761	Peritiana	1
2022-07	13832	Klang,_Marēhia	1
2022-07	12995	Tāra	1
2022-07	17478	Microsoft	1
2022-07	17471	Bangladesh	1
2022-08	17523	Reo_Rūhia	44
2022-08	17542	Reo_Niuē	11
2022-08	17524	Haipīria	6
2022-08	17543	Reo_Tonga	5
2022-08	17539	Reo_Hawaii	5
2022-08	3320	Reo_Hāmoa	5
2022-08	1534	Aotea_(moutere)	5
2022-08	17006	Hokata_Morihana	3
2022-08	13193	Pērara	3
2022-08	693	Pāremata	3
2022-09	17565	Vayres,_Gironde	37
2022-09	17569	Arrondissement_o_Libourne	15
2022-09	17568	Reo_Occitan	14
2022-09	17524	Haipīria	13
2022-09	17720	Naera	10
2022-09	17558	Tiāre_te_Tuatoru	10
2022-09	17627	Waenganui_Rāwhiti	10
2022-09	17675	Inanna	9
2022-09	17575	Arrondissements_o_te_Gironde	9
2022-09	17608	Reo_Rōmana	9
2022-10	17854	Porowini_o_Īrāna	37
2022-10	17836	Tauā_Wewete-ā-iwi	14
2022-10	15992	Reo_Hainamana	11
2022-10	17845	Mate_o_Mahsa_Amini	10
2022-10	17842	Pāti_Tōpūtanga-ā-iwi_o_Haina	9
2022-10	4524	Kōtirana	8
2022-10	12915	Hononga-o-Amerika	8
2022-10	17986	Rohe_o_Ukānga	8
2022-10	5842	Huitene	8
2022-10	17853	Kuhetānga_Porowini	8
2022-11	18023	Huihuinga_o_ngā_kaipāngarau_o_te_Ao_i_2026	4
2022-11	13177	Moutere_Whāro	3
2022-11	13446	Anakara	3
2022-11	13302	Tórshavn	2
2022-11	17157	Honotura	2
2022-11	17183	Eritēria	2
2022-11	6013	Te_Uri_Taniwha	2
2022-11	15521	Motu_o_Wharo	1
2022-11	15922	Ghil'ad_Zuckermann	1
2022-11	4629	Takiwā_o_Te_Tai_tokerau	1
2022-12	18280	Rārangi_whare_pupuri_taonga_o_Aotearoa	33
2022-12	18096	Tiuka_o_Ioka	31
2022-12	985	Rārangi_iwi	24
2022-12	994	Ngā_Puhi	13
2022-12	4216	Rārangi_marae	11
2022-12	1070	Te_Whakatōhea	11
2022-12	18132	Rārangi_waka	10
2022-12	18077	Howete_Pāpori_Tūwehe_o_Rituānia	8
2022-12	18108	Lyon	7
2022-12	18259	Te_Wairoa_(iwi)	7
2023-01	18304	Ka_Toto	21
2023-01	18284	Edgar_Allan_Poe	11
2023-01	18280	Rārangi_whare_pupuri_taonga_o_Aotearoa	10
2023-01	18281	Rārangi_hōhipere_o_Aotearoa	7
2023-01	665	Aotearoa	4
2023-01	12193	Reo_Pāniora	3
2023-01	18171	Moriori	3
2023-01	18293	Kara_o_Belgorod	2
2023-01	18163	Rārangi_marae_o_te_Matau-a-Māui	2
2023-01	8976	Kaitui	2
2023-02	18281	Rārangi_hōhipere_o_Aotearoa	7
2023-02	1570	Ūropi	3
2023-02	1410	Hauwai_(pūmotu)	2
2023-02	9998	Tauwharepārae	2
2023-02	11457	Kātiki	2
2023-02	14055	Hiri	1
2023-02	13224	Hēwia	1
2023-02	13204	Arapeinia	1
2023-02	12984	Kotahitanga_o_Ūropi	1
2023-02	4850	Araka	1
2023-03	14751	Waka_rererangi	3
2023-03	18329	Mahimaina	3
2023-03	15524	Rārangi_whenua_ā-taupori	3
2023-03	13426	Atāna	2
2023-03	1057	Maramataka	2
2023-03	13173	Nōwei	2
2023-03	8218	Ngā_Rauru	2
2023-03	1570	Ūropi	2
2023-03	15720	Āmiorangi	2
2023-03	18083	Pamako	2
2023-04	18280	Rārangi_whare_pupuri_taonga_o_Aotearoa	6
2023-04	18348	Hanshin_Tigers	3
2023-04	14731	Ronald_Reagan	2
2023-04	18336	Tōni_Apōti	2
2023-04	6471	Ngāti_Parewaeono	2
2023-04	15668	Hīraka	2
2023-04	8676	Whangākea	2
2023-04	3294	Te_Rauparaha	1
2023-04	18337	Anatoni_Arapanihi	1
2023-04	1097	Nauru	1
2023-05	18370	Rohe_o_Aotearoa	22
2023-05	18359	Pakanga_Whetu	14
2023-05	18390	Kaunihera_o_Aotearoa	11
2023-05	18374	Rārangi_wharekura_o_Aotearoa	8
2023-05	18387	Te_Kaunihera_a-Rohe_o_Te_Tai_Tokerau	6
2023-05	13999	Reo_Ārapi	6
2023-05	985	Rārangi_iwi	6
2023-05	18469	Tūpai	5
2023-05	18397	Rārangi_rāihe_whare_hokohoko_o_Aotearoa	5
2023-05	17627	Waenganui_Rāwhiti	5
2023-06	12252	Ngā_reo_Ahiteronīhia	21
2023-06	18768	Wāhanga_o_Rūhia	21
2023-06	18782	Rahataua_(awa_Don)	8
2023-06	5874	Mihihipi	7
2023-06	17878	Harata	7
2023-06	13321	Hokimina_Tāone	7
2023-06	17854	Porowini_o_Īrāna	6
2023-06	17863	Irama	6
2023-06	17860	Korakana	6
2023-06	18722	Reo_Īnia-Īrāna	6
2023-07	13840	Reo_Marēo_Marēhia	9
2023-07	585	Reo_Māori	3
2023-07	19075	Ngā_reo_Marēo	2
2023-07	17322	Hoka	2
2023-07	13625	Pea	2
2023-07	10599	Te_Hauke	2
2023-07	19074	Reo_Marēo	2
2023-07	19058	Ringikana	2
2023-07	12252	Ngā_reo_Ahiteronīhia	2
2023-07	5780	Taika	2
2023-08	17322	Hoka	5
2023-08	19307	Kōaka	4
2023-08	19302	Taru_rauhea	3
2023-08	13240	Katatānga	2
2023-08	19078	Louis_de_Funès	2
2023-08	12256	Wīwī	2
2023-08	19077	Jean-Paul_Belmondo	2
2023-08	19304	Tarutaru	1
2023-08	13542	Whiratarawhia	1
2023-08	19283	Paul	1
2023-09	12592	Ngāti_Pakapaka	19
2023-09	3367	Ika-a-Māui	5
2023-09	19346	Rūnanga_o_Aotearoa	5
2023-09	19333	Reo_Liguria	5
2023-09	10096	Motunui	4
2023-09	19345	Pirimia_o_Aotearoa	4
2023-09	19338	Hārinia	4
2023-09	16622	Motu_Nōpoke	4
2023-09	19336	Take_Tiamani	4
2023-09	19330	Henoa	4
2023-10	19357	Pene_Kaute	5
2023-10	19362	Rīhari_te_Tuatahi_o_Ingarangi	4
2023-10	17748	Winiha_Kāhere	3
2023-10	19367	Pererika_Pēneti	3
2023-10	12915	Hononga-o-Amerika	2
2023-10	18397	Rārangi_rāihe_whare_hokohoko_o_Aotearoa	2
2023-10	19374	Pari	2
2023-10	19366	Hoani,_Kīngi_o_Ingarangi	2
2023-10	19363	Philip_II_of_France	2
2023-10	19360	Piripi_te_Tuarua_o_Parani	2
2023-11	17286	Tamaiti	2
2023-11	19390	Etika,_Kīngi_o_Ingarangi	2
2023-11	7861	2024	2
2023-11	17479	Google	2
2023-11	9258	Te_Wairoa_(Tāmaki-makau-rau)	2
2023-11	17966	TikTok	2
2023-11	1967	Matariki	1
2023-11	14104	Vung_Tau	1
2023-11	13322	Dong_Hoi	1
2023-11	10494	Mara	1
2023-12	19430	Vaiere_Mara	6
2023-12	19397	Aihe	5
2023-12	19394	Reo_ā-iwi	5
2023-12	5780	Taika	4
2023-12	19399	Otereti	4
2023-12	19398	Reparo	4
2023-12	14005	Ika_moana	3
2023-12	1913	Kiore	3
2023-12	17479	Google	2
2023-12	14738	Iharaira	2
2024-01	585	Reo_Māori	3
2024-01	15114	Paparahi	2
2024-01	4664	Meri_Te_Tai_Mangakāhia	2
2024-01	15771	Toukeke	2
2024-01	14031	Āketina	2
2024-01	12978	Ūkareinga	2
2024-01	13701	Reo_Whinirana	2
2024-01	17479	Google	2
2024-01	13600	Roskilde	1
2024-01	18398	Rārangi_kaihoko_whakamutunga_o_Aotearoa	1
2024-02	730	Kākāpō	8
2024-02	4736	Kiwi	7
2024-02	19458	Raharuhi_Rukupō	6
2024-02	19453	Tīmoti_Kāretu	5
2024-02	19460	Mango_tohorā	5
2024-02	17121	Īhipa	2
2024-02	19462	Raweni_noa	2
2024-02	19461	Mango_mako_nui	2
2024-02	4729	Kākā	2
2024-02	19457	Irihtu	2
2024-03	17479	Google	20
2024-03	12915	Hononga-o-Amerika	12
2024-03	19467	Hana_Anotonio	6
2024-03	19469	Tarihi	5
2024-03	19466	Arekahārania	5
2024-03	19465	Hūhetene	4
2024-03	13529	Hikāko	3
2024-03	19464	Houston	3
2024-03	6380	Ngāti_Kauwhata	3
2024-03	13762	Yokohama	3
2024-04	665	Aotearoa	8
2024-04	19481	Te_Kura_o_Clyde_Quay	3
2024-04	8228	Ngā_Ruahine	3
2024-04	5780	Taika	2
2024-04	657	Tāmaki-makau-rau	2
2024-04	17290	Ārowha_Hītara	2
2024-04	13384	Carl_Linnaeus	2
2024-04	14163	Rafael_Correa	2
2024-04	13961	Reo_Penekara	1
2024-04	13267	Sofia	1
2024-05	19495	Poaka_mohoao	5
2024-05	19496	Nukutaimemeha	4
2024-05	1448	Rino	3
2024-05	8198	Ngāti_Ruāwai	2
2024-05	13516	Paul_Gauguin	2
2024-05	11953	Pōhara	2
2024-05	4986	Poaka	2
2024-05	19074	Reo_Marēo	2
2024-05	13406	Thomas_Eakins	2
2024-05	13181	Pōrana	1
2024-06	19522	Ua	8
2024-06	19519	Tō	8
2024-06	19512	Hara	6
2024-06	19518	Solanum	6
2024-06	16807	Arewhana	4
2024-06	19511	Niu	4
2024-06	19523	Rangi	4
2024-06	19521	Uira	3
2024-06	13500	Akseli_Gallen-Kallela	2
2024-06	18359	Pakanga_Whetu	2
2024-07	19531	Maika	12
2024-07	19545	Tātahi	10
2024-07	19540	Waiū	9
2024-07	5780	Taika	8
2024-07	19530	Kai_Iwi_Pā	5
2024-07	19535	Kahika	5
2024-07	19543	Tiakarete	4
2024-07	5756	Kohe	4
2024-07	19556	Kōpakipaki	4
2024-07	19542	Rau	4
2024-08	19575	Citrus	16
2024-08	19560	Parāoa_(kai)	7
2024-08	19581	Pua	7
2024-08	1448	Rino	6
2024-08	19563	Pirikahu	6
2024-08	1849	Ingarangi	5
2024-08	19556	Kōpakipaki	5
2024-08	4104	Tūheitia_Paki	5
2024-08	19578	Renga	5
2024-08	19580	Tiare	4
2024-09	19593	Ipu	9
2024-09	19592	Kupenga	6
2024-09	19511	Niu	5
2024-09	4104	Tūheitia_Paki	3
2024-09	19415	ʻOkina	3
2024-09	724	Ahupūngao_o_te_kano	2
2024-09	4876	Irinoi	2
2024-09	665	Aotearoa	2
2024-09	18280	Rārangi_whare_pupuri_taonga_o_Aotearoa	1
2024-09	16340	Jimmie_Johnson	1
2024-10	19608	Tuitui	23
2024-10	19612	Moengārō	8
2024-10	19609	Taro	8
2024-10	19603	Puehu	7
2024-10	19611	Mohokoi	6
2024-10	19605	Kūmara	6
2024-10	19610	Melilla_La_Vieja	4
2024-10	13841	Hingapoa	4
2024-10	8351	Te_Whānau-a-Kauaetangohia	3
2024-10	6449	Ngāti_Apakura	2
2024-11	19614	Pia_(tipu)	8
2024-11	13548	Motokā	5
2024-11	19624	Kōhia	4
2024-11	19543	Tiakarete	3
2024-11	6105	Ngāi_Tūmapuhia	3
2024-11	8077	Ngāti_Tūmatawera	3
2024-11	19603	Puehu	2
2024-11	653	Hawaiki	2
2024-11	13627	Kōpere	2
2024-11	19560	Parāoa_(kai)	2
2024-12	19640	Kiko	11
2024-12	5061	Tōtara	9
2024-12	19631	Tōtara_(ika)	6
2024-12	19638	Kaute	5
2024-12	8823	Mata	4
2024-12	17144	Peta_Riko	3
2024-12	13672	Āhia	3
2024-12	19612	Moengārō	3
2024-12	12915	Hononga-o-Amerika	3
2024-12	3633	Ihu	3
2025-01	14738	Iharaira	9
2025-01	19662	Ika	8
2025-01	19659	Oryza_sativa	5
2025-01	19654	Hinu	5
2025-01	19644	Katiu	5
2025-01	19649	Nīko	3
2025-01	19646	Kete	2
2025-01	968	Tariana_Turia	2
2025-01	19648	Stephen_Harper	2
2025-01	17951	Mario	2
2025-02	19667	Araraurangi_Aotearoa	18
2025-02	19659	Oryza_sativa	14
2025-02	14751	Waka_rererangi	4
2025-02	2483	Wikipedia	3
2025-02	19631	Tōtara_(ika)	3
2025-02	17319	Pakanga_Tuarua_o_te_Ao	3
2025-02	13535	Miami,_Whoreta	2
2025-02	13841	Hingapoa	1
2025-02	13529	Hikāko	1
2025-02	19668	Air_New_Zealand	1
2025-03	19687	Zingiber	7
2025-03	19696	Pihi_ā-kararehe	7
2025-03	19671	Pūhā	4
2025-03	19674	Whai	4
2025-03	19689	Ngaro_huruhuru	4
2025-03	19683	Twice	3
2025-03	19693	Rango	3
2025-03	19699	Niho	3
2025-03	19547	Tio	3
2025-03	14739	Reo_Hīperu	2
2025-04	19709	Pakanga_o_Maunga_Kahino	9
2025-04	19707	Cervidae	9
2025-04	19735	Rārangi_o_ngā_Perehitini_o_te_Hononga-o-Amerika	6
2025-04	1453	Rōpū_ripanga_pūmotu	5
2025-04	19726	Saqqez	5
2025-04	19688	Tiriata	5
2025-04	19728	Reo_Kurutānga_Horani	5
2025-04	19723	Haraniki	4
2025-04	12977	Rūhia	4
2025-04	19421	Hurihanga_Kaupapa_Ture_Īrāna	4
2025-05	19761	Ane	6
2025-05	19747	Piper_nigrum	3
2025-05	19750	Pīwakawaka_Rūhia	3
2025-05	16621	Appendix:Australian_place_names	3
2025-05	19754	Pīwakawaka_Ahitereiria	2
2025-05	18398	Rārangi_kaihoko_whakamutunga_o_Aotearoa	2
2025-05	17294	Takāpui	2
2025-05	665	Aotearoa	2
2025-05	19745	Raleigh	2
2025-05	17308	Papatūānuku	2
2025-06	10178	Waitaanga	2
2025-06	15844	Michael_Jackson	2
2025-06	14627	Lorde	2
2025-06	9736	White_Pine_Bush	2
2025-06	13841	Hingapoa	1
2025-06	13209	Parī	1
2025-06	19320	Reo_Hōrana	1
2025-06	17354	Ngā_whakaeke_Mahuru_11	1
2025-06	6406	Ngāti_Raukawa_ki_te_Tonga	1
2025-06	5000	Pūkeko	1
2025-07	19775	Te_Kāreti_Tamatāne_o_Te_Whanganui-a-Tara	4
2025-07	3321	Reo	2
2025-07	12995	Tāra	2
2025-07	19776	Glen_Denham	2
2025-07	13526	Mēhiko	2
2025-07	19769	Donald_Trump	2
2025-07	12935	Ngāti_Maru	2
2025-07	13448	Pirihimana	1
2025-07	13229	Pehiamu	1
2025-07	19768	Reo_Parīhi	1
2025-08	17584	Nouvelle-Aquitaine	3
2025-08	19785	Paweł_Hur	3
2025-08	1967	Matariki	3
2025-08	3743	Wiremu_Maihi_Te_Rangikāheke	2
2025-08	18398	Rārangi_kaihoko_whakamutunga_o_Aotearoa	2
2025-08	14068	Guayaquil	2
2025-08	19781	Mana_Tohu_Mātauranga_o_Aotearoa	2
2025-08	13209	Parī	2
2025-08	18477	Āpu_Tāpi	1
2025-08	13874	Islamabad	1
