id	user	by	timestamp	expiry	duration-l10n	reason	nocreate	autoblock	noemail	allowusertalk	anononly	partial	wiki
28210	103.177.253.225	TheWikiholic	2025-09-04T01:47:17Z	infinity	അനിശ്ചിത കാലം	അനാവശ്യം/അസംബന്ധം താളിലേക്കു ചേർക്കൽ							mlwiki
28185	103.85.207.18	Ajeeshkumar4u	2025-08-18T04:44:06Z	2025-09-18T04:44:06Z	1 month	നശീകരണ പ്രവർത്തനം							mlwiki
28184	2409:40F3:1F:2D0A:68C8:1DE:60E7:8050	Kiran Gopi	2025-08-14T08:52:58Z	2025-11-14T08:52:58Z	3 months	താളിൽ നിന്നു വിവരങ്ങൾ മായ്ക്കുക							mlwiki
28183	103.175.89.41	TheWikiholic	2025-06-28T21:36:02Z	infinity	അനിശ്ചിത കാലം	അനാവശ്യം/അസംബന്ധം താളിലേക്കു ചേർക്കൽ							mlwiki
28177	106.205.161.123	Kiran Gopi	2025-05-09T13:27:30Z	infinity	അനിശ്ചിത കാലം	നശീകരണ പ്രവർത്തനം							mlwiki
28164	78.149.250.223	Ranjithsiji	2025-03-29T05:53:21Z	infinity	അനിശ്ചിത കാലം	അനാവശ്യം/അസംബന്ധം താളിലേക്കു ചേർക്കൽ: വ്യാപകമായ അനാവശ്യ വിവരം ചേർക്കൽ							mlwiki
28161	120.61.208.141	Vijayanrajapuram	2025-03-20T06:29:10Z	infinity	അനിശ്ചിത കാലം	അനാവശ്യം/അസംബന്ധം താളിലേക്കു ചേർക്കൽ							mlwiki
28160	117.250.237.126	Ajeeshkumar4u	2025-03-12T12:25:19Z	infinity	അനിശ്ചിത കാലം	തുടർച്ചയായി നിഷ്പക്ഷതാരഹിതമായതും താല്പര്യവ്യത്യാസമുള്ളതുമായ വിവരങ്ങൾ  ചേർക്കൽ: ഒരേ താൾ പല ഐഡികൾ/ ഐപികൾ എന്നിവയിൽ നിന്ന് തുടർച്ചയായി സൃഷ്ടിക്കുന്നു							mlwiki
28159	14.139.185.126	Ajeeshkumar4u	2025-03-12T07:57:21Z	infinity	അനിശ്ചിത കാലം	ദുരുദ്ദേശത്തോടെ ഉപയോഗിക്കുന്ന നിരവധി അംഗത്വങ്ങൾ: ഒരേ താൾ പല ഐഡികൾ/ ഐപികൾ എന്നിവയിൽ നിന്ന് തുടർച്ചയായി സൃഷ്ടിക്കുന്നു							mlwiki
28158	14.139.185.115	Ajeeshkumar4u	2025-03-12T07:53:08Z	infinity	അനിശ്ചിത കാലം	ദുരുദ്ദേശത്തോടെ ഉപയോഗിക്കുന്ന നിരവധി അംഗത്വങ്ങൾ: ഒരേ താൾ പല ഐഡികൾ/ ഐപികൾ എന്നിവയിൽ നിന്ന് തുടർച്ചയായി സൃഷ്ടിക്കുന്നു							mlwiki
28157	2402:8100:3920:C8C5:379D:5992:3717:EC5D	Vijayanrajapuram	2025-02-16T15:03:13Z	2026-02-16T15:03:13Z	ഒരു വർഷം	നശീകരണ പ്രവർത്തനം: പി. കുഞ്ഞിരാമൻ നായർ താളിൽ നടത്തിയ നശീകരണം							mlwiki
28149	103.146.175.99	Malikaveedu	2024-12-28T08:16:32Z	2025-12-28T08:16:32Z	ഒരു വർഷം								mlwiki
28142	2409:4073:4D96:89DC:8A17:EB11:ECD1:1B96	Vijayanrajapuram	2024-12-05T09:23:48Z	infinity	അനിശ്ചിത കാലം	തുടർച്ചയായി നിഷ്പക്ഷതാരഹിതമായതും താല്പര്യവ്യത്യാസമുള്ളതുമായ വിവരങ്ങൾ  ചേർക്കൽ							mlwiki
28141	2402:3A80:4499:F914:BE78:1145:1E1A:EB02	Vijayanrajapuram	2024-12-03T05:37:14Z	infinity	അനിശ്ചിത കാലം	നശീകരണ പ്രവർത്തനം: പി. കുഞ്ഞിരാമൻ നായർ എന്ന താളിലെ നശീകരണം.							mlwiki
28125	117.250.237.105	Ajeeshkumar4u	2024-06-27T09:43:15Z	infinity	അനിശ്ചിത കാലം	തുടർച്ചയായി നിഷ്പക്ഷതാരഹിതമായതും താല്പര്യവ്യത്യാസമുള്ളതുമായ വിവരങ്ങൾ  ചേർക്കൽ: ഒരേ താൾ പല ഐഡികൾ/ ഐപികൾ എന്നിവയിൽ നിന്ന് തുടർച്ചയായി സൃഷ്ടിക്കുന്നു							mlwiki
28124	61.1.180.60	Ajeeshkumar4u	2024-06-27T09:40:12Z	infinity	അനിശ്ചിത കാലം	തുടർച്ചയായി നിഷ്പക്ഷതാരഹിതമായതും താല്പര്യവ്യത്യാസമുള്ളതുമായ വിവരങ്ങൾ  ചേർക്കൽ: നീക്കം ചെയ്‌ത താളിൻ്റെ തുടർച്ചയുള്ള പുനസൃഷ്ടി							mlwiki
28111	2401:4900:4C6F:5626:0:0:425:7CF6	TheWikiholic	2024-04-09T14:15:32Z	infinity	അനിശ്ചിത കാലം	പുറം വെബ്സൈറ്റിലേക്കുള്ള പാഴ് കണ്ണികൾ ചേർക്കൽ							mlwiki
28110	2409:4089:1284:9C5C:0:0:40A:38AD	Ajeeshkumar4u	2024-02-20T14:04:12Z	infinity	അനിശ്ചിത കാലം	അനാവശ്യം/അസംബന്ധം താളിലേക്കു ചേർക്കൽ							mlwiki
28105	2409:4089:1288:36B5:0:0:29A3:D8AD	Ajeeshkumar4u	2024-02-08T07:49:26Z	infinity	അനിശ്ചിത കാലം	അനാവശ്യം/അസംബന്ധം താളിലേക്കു ചേർക്കൽ							mlwiki
28104	2409:40E2:2014:87A0:8000:0:0:0	Ajeeshkumar4u	2024-02-02T01:53:00Z	infinity	അനിശ്ചിത കാലം	അനാവശ്യം/അസംബന്ധം താളിലേക്കു ചേർക്കൽ							mlwiki
28101	2409:40E2:1017:98F7:8000:0:0:0	Ajeeshkumar4u	2024-01-28T13:49:12Z	infinity	അനിശ്ചിത കാലം	അനാവശ്യം/അസംബന്ധം താളിലേക്കു ചേർക്കൽ							mlwiki
28100	2409:4089:1295:962E:0:0:255A:70B1	TheWikiholic	2024-01-27T04:29:23Z	infinity	അനിശ്ചിത കാലം	നശീകരണ പ്രവർത്തനം							mlwiki
28099	2409:4089:1295:714A:0:0:9B1:B1	TheWikiholic	2024-01-27T04:27:13Z	infinity	അനിശ്ചിത കാലം	നശീകരണ പ്രവർത്തനം							mlwiki
28096	2409:4089:1D0F:89E5:0:0:4E4A:8512	Vijayanrajapuram	2023-12-27T03:19:28Z	infinity	അനിശ്ചിത കാലം	നശീകരണ പ്രവർത്തനം: ലീ ജുൻ താളിലെ നശീകരണം							mlwiki
28095	2409:40E2:2F:3229:8000:0:0:0	Ajeeshkumar4u	2023-12-22T03:34:22Z	infinity	അനിശ്ചിത കാലം	അനാവശ്യം/അസംബന്ധം താളിലേക്കു ചേർക്കൽ							mlwiki
28094	157.41.249.36	Ajeeshkumar4u	2023-12-20T04:02:28Z	infinity	അനിശ്ചിത കാലം	അനാവശ്യം/അസംബന്ധം താളിലേക്കു ചേർക്കൽ							mlwiki
28093	2409:4089:1E84:E1A3:E59B:582C:ABF0:2996	Ajeeshkumar4u	2023-12-11T03:25:41Z	infinity	അനിശ്ചിത കാലം	അനാവശ്യം/അസംബന്ധം താളിലേക്കു ചേർക്കൽ							mlwiki
28092	157.41.248.59	Ajeeshkumar4u	2023-12-10T07:20:56Z	infinity	അനിശ്ചിത കാലം	അനാവശ്യം/അസംബന്ധം താളിലേക്കു ചേർക്കൽ							mlwiki
28091	61.1.180.57	Ajeeshkumar4u	2023-11-10T06:43:36Z	infinity	അനിശ്ചിത കാലം	തുടർച്ചയായി നിഷ്പക്ഷതാരഹിതമായതും താല്പര്യവ്യത്യാസമുള്ളതുമായ വിവരങ്ങൾ  ചേർക്കൽ: ഒരേ താൾ പല ഐഡികൾ/ ഐപികൾ എന്നിവയിൽ നിന്ന് തുടർച്ചയായി സൃഷ്ടിക്കുന്നു							mlwiki
28090	117.250.237.97	Ajeeshkumar4u	2023-11-10T05:04:33Z	infinity	അനിശ്ചിത കാലം	തുടർച്ചയായി നിഷ്പക്ഷതാരഹിതമായതും താല്പര്യവ്യത്യാസമുള്ളതുമായ വിവരങ്ങൾ  ചേർക്കൽ: ഒരേ താൾ പല ഐഡികൾ/ ഐപികൾ എന്നിവയിൽ നിന്ന് തുടർച്ചയായി സൃഷ്ടിക്കുന്നു							mlwiki
28069	86.98.33.28	Vijayanrajapuram	2023-09-21T07:15:11Z	infinity	അനിശ്ചിത കാലം	നശീകരണ പ്രവർത്തനം: വള്ളത്തോൾ നാരായണമേനോൻ, വൈലോപ്പിള്ളി ശ്രീധരമേനോൻ എന്നീ താളുകളിലെ നശീകരണം							mlwiki
28068	2401:4900:3DA6:3F91:0:0:A31:82B3	Vijayanrajapuram	2023-09-18T11:18:11Z	infinity	അനിശ്ചിത കാലം	നവീൻ പട്‌നായിക് താളിലെ നശീകരണം							mlwiki
28045	14.139.185.121	TheWikiholic	2023-04-01T12:14:56Z	infinity	അനിശ്ചിത കാലം	തുടർച്ചയായി നിഷ്പക്ഷതാരഹിതമായതും താല്പര്യവ്യത്യാസമുള്ളതുമായ വിവരങ്ങൾ  ചേർക്കൽ							mlwiki
28044	117.240.119.164	TheWikiholic	2023-03-31T09:33:22Z	infinity	അനിശ്ചിത കാലം	തുടർച്ചയായി നിഷ്പക്ഷതാരഹിതമായതും താല്പര്യവ്യത്യാസമുള്ളതുമായ വിവരങ്ങൾ  ചേർക്കൽ							mlwiki
28038	195.226.254.138	TheWikiholic	2023-03-07T10:41:47Z	infinity	അനിശ്ചിത കാലം	നശീകരണ പ്രവർത്തനം							mlwiki
28036	49.15.195.199	TheWikiholic	2022-12-13T16:04:41Z	infinity	അനിശ്ചിത കാലം	അനാവശ്യം/അസംബന്ധം താളിലേക്കു ചേർക്കൽ							mlwiki
27979	14.139.185.120	Kiran Gopi	2022-03-08T15:36:38Z	infinity	അനിശ്ചിത കാലം								mlwiki
27958	117.216.34.115	Vijayanrajapuram	2021-11-15T15:53:44Z	infinity	അനിശ്ചിത കാലം	മാന്യമല്ലാത്ത പെരുമാറ്റം: സി.വി. ബാലകൃഷ്ണൻ താളിൽ അശ്ലീലം ചേർത്തത്							mlwiki
27955	2409:4073:11E:F3E3:C35D:40AF:ADFF:A3D9	Kiran Gopi	2021-10-19T19:14:57Z	infinity	അനിശ്ചിത കാലം	നശീകരണ പ്രവർത്തനം							mlwiki
27926	2401:4900:332F:AA3A:0:6E:F571:FC01	Ajeeshkumar4u	2021-08-09T05:40:59Z	infinity	അനിശ്ചിത കാലം	അനാവശ്യം/അസംബന്ധം താളിലേക്കു ചേർക്കൽ							mlwiki
27922	2402:8100:281A:1F17:0:0:0:1	Ajeeshkumar4u	2021-08-05T12:34:04Z	infinity	അനിശ്ചിത കാലം	അനാവശ്യം/അസംബന്ധം താളിലേക്കു ചേർക്കൽ							mlwiki
27921	2402:8100:3901:D96F:0:0:0:1	Ajeeshkumar4u	2021-08-05T12:27:10Z	infinity	അനിശ്ചിത കാലം	അനാവശ്യം/അസംബന്ധം താളിലേക്കു ചേർക്കൽ							mlwiki
27920	2402:8100:3900:A8D7:0:0:0:1	Ajeeshkumar4u	2021-07-30T10:27:48Z	infinity	അനിശ്ചിത കാലം	അനാവശ്യം/അസംബന്ധം താളിലേക്കു ചേർക്കൽ							mlwiki
27906	2409:4071:2281:E108:738E:1B0E:60B:8FC8	Vijayanrajapuram	2021-06-28T17:40:45Z	infinity	അനിശ്ചിത കാലം	നശീകരണ പ്രവർത്തനം: വൈക്കം മുഹമ്മദ് ബഷീർ താളിൽ അസഭ്യം ചേർത്തതിനും നശീകരണം നടത്തിയതിനും							mlwiki
27885	2409:4073:106:F50:8254:3C20:F7F6:3B7C	TheWikiholic	2021-04-15T09:49:36Z	infinity	അനിശ്ചിത കാലം	മാന്യമല്ലാത്ത പെരുമാറ്റം							mlwiki
27838	2402:8100:3919:9AAD:CAD4:571A:E3CF:9251	Kiran Gopi	2021-01-06T17:53:08Z	infinity	അനിശ്ചിത കാലം	നശീകരണ പ്രവർത്തനം							mlwiki
27832	103.99.206.175	Vijayanrajapuram	2021-01-01T16:40:32Z	infinity	അനിശ്ചിത കാലം	നശീകരണ പ്രവർത്തനം							mlwiki
27804	2402:8100:3926:2E6C:0:0:0:1	Vijayanrajapuram	2020-11-26T02:00:57Z	infinity	അനിശ്ചിത കാലം	നശീകരണ പ്രവർത്തനം: സി.വി. ബാലകൃഷ്ണൻ എന്ന ലേഖനത്തിലെ നശീകരണം							mlwiki
27803	2402:8100:390C:EC8C:658A:8B19:DF85:A369	Vijayanrajapuram	2020-11-20T14:39:53Z	infinity	അനിശ്ചിത കാലം	നശീകരണ പ്രവർത്തനം: നിരവധി താളുകളിൽ, കുറഞ്ഞസമയത്തിനകം ൻശീകരണം നടത്തിയിരിക്കുന്നു.							mlwiki
27801	103.66.79.162	Vijayanrajapuram	2020-11-19T11:06:03Z	infinity	അനിശ്ചിത കാലം	നശീകരണ പ്രവർത്തനം: ചെറുശ്ശേരി എന്ന താളിൽ നടത്തിയ നശീകരണം							mlwiki
27800	117.202.81.158	Vijayanrajapuram	2020-11-19T11:04:20Z	infinity	അനിശ്ചിത കാലം	നശീകരണ പ്രവർത്തനം: ചെറുശ്ശേരി എന്ന താളിൽ നടത്തിയ നശീകരണം							mlwiki
27798	2804:D55:52A1:DA00:7987:D5BA:AFDD:A44	Vijayanrajapuram	2020-11-15T17:08:00Z	infinity	അനിശ്ചിത കാലം	നശീകരണ പ്രവർത്തനം							mlwiki
27796	117.196.141.253	Vijayanrajapuram	2020-11-09T06:01:23Z	infinity	അനിശ്ചിത കാലം	നശീകരണ പ്രവർത്തനം: അനിഴം തിരുനാൾ മാർത്താണ്ഡവർമ്മ‎ എന്ന താളിലെ നശീകരണം.							mlwiki
27780	202.83.42.163	Kiran Gopi	2020-10-05T06:33:13Z	infinity	അനിശ്ചിത കാലം	അനാവശ്യം/അസംബന്ധം താളിലേക്കു ചേർക്കൽ							mlwiki
27742	178.80.57.68	Kiran Gopi	2020-07-17T02:45:17Z	infinity	അനിശ്ചിത കാലം	അനാവശ്യം/അസംബന്ധം താളിലേക്കു ചേർക്കൽ							mlwiki
27723	14.139.185.114	TheWikiholic	2020-03-25T06:42:37Z	infinity	അനിശ്ചിത കാലം	മാന്യമല്ലാത്ത പെരുമാറ്റം							mlwiki
27705	2409:4073:93:F7DC:0:0:5D:AC	TheWikiholic	2019-12-01T07:12:09Z	infinity	അനിശ്ചിത കാലം	അനാവശ്യം/അസംബന്ധം താളിലേക്കു ചേർക്കൽ							mlwiki
27702	70.27.77.5	TheWikiholic	2019-11-14T11:28:15Z	infinity	അനിശ്ചിത കാലം	തെറ്റായ വിവരങ്ങൾ ചേർക്കുക							mlwiki
27700	2402:3A80:539:5FE3:43E6:2DC5:97F4:C5B4	TheWikiholic	2019-09-25T12:58:43Z	infinity	അനിശ്ചിത കാലം	അനാവശ്യം/അസംബന്ധം താളിലേക്കു ചേർക്കൽ							mlwiki
27698	2405:204:D203:98A7:6347:C261:7D1C:67FE	TheWikiholic	2019-09-12T03:31:37Z	infinity	അനിശ്ചിത കാലം	അനാവശ്യം/അസംബന്ധം താളിലേക്കു ചേർക്കൽ							mlwiki
27695	2605:A000:1133:91FA:6C2E:BB14:D0C5:BDF4	Malikaveedu	2019-05-22T04:08:54Z	infinity	അനിശ്ചിത കാലം	അനാവശ്യം/അസംബന്ധം താളിലേക്കു ചേർക്കൽ							mlwiki
27693	2402:8100:3925:20FA:0:0:0:1	TheWikiholic	2019-02-15T12:08:22Z	infinity	അനിശ്ചിത കാലം	ദുരുദ്ദേശത്തോടെ ഉപയോഗിക്കുന്ന നിരവധി അംഗത്വങ്ങൾ							mlwiki
27611	106.76.249.46	TheWikiholic	2018-05-23T23:07:54Z	infinity	അനിശ്ചിത കാലം								mlwiki
27561	117.214.23.214	Kiran Gopi	2017-10-10T20:42:11Z	infinity	അനിശ്ചിത കാലം	മാന്യമല്ലാത്ത പെരുമാറ്റം							mlwiki
27541	64.71.171.88	Irvin calicut	2017-04-23T08:41:47Z	infinity	അനിശ്ചിത കാലം	creating numerous articles with same contents . wandalism							mlwiki
27196	Spídér's Wéb: A Píg's Tálé	Jyothis	2010-07-04T01:11:25Z	infinity	അനിശ്ചിത കാലം	crosswiki abuse<!--[[m:SH#lock|globally locked]]; [[m:User:StewardBot|about bot]]-->							mlwiki
27195	Spidér's Wéb: A Pig's Tálé in Quechua	Jyothis	2010-07-01T23:51:03Z	infinity	അനിശ്ചിത കാലം	crosswiki abuse<!--[[m:SH#lock|globally locked]]; [[m:User:StewardBot|about bot]]-->							mlwiki
27130	Gwe pry cop: Ei Moch Stori	Jyothis	2010-05-06T02:02:36Z	infinity	അനിശ്ചിത കാലം	crosswiki abuse<!--[[m:SH#lock|globally locked]]; [[m:User:StewardBot|about bot]]-->							mlwiki
27126	La tela de una araña: la historia de un cerdo	Pathoschild	2010-05-03T00:20:56Z	infinity	അനിശ്ചിത കാലം	crosswiki abuse<!--[[m:SH#lock|globally locked]]; [[m:User:StewardBot|about bot]]-->							mlwiki
27051	193.200.150.125	Jyothis	2009-11-02T12:29:17Z	infinity	അനിശ്ചിത കാലം	Open proxy							mlwiki
27048	208.89.216.0/21	Jyothis	2009-10-30T19:52:58Z	infinity	അനിശ്ചിത കാലം	range with many Open proxies - blocked in meta as well							mlwiki
26803	74.86.111.232	Anoopan	2008-06-19T19:20:46Z	infinity	അനിശ്ചിത കാലം	Open Proxy							mlwiki
26802	68.178.158.134	Anoopan	2008-06-19T19:20:30Z	infinity	അനിശ്ചിത കാലം	Open Proxy							mlwiki
26801	74.63.84.54	Anoopan	2008-06-19T19:20:01Z	infinity	അനിശ്ചിത കാലം	Open Proxy							mlwiki
26800	72.233.78.3	Anoopan	2008-06-19T19:19:31Z	infinity	അനിശ്ചിത കാലം	Open Proxy							mlwiki
26799	67.159.47.244	Anoopan	2008-06-19T19:19:19Z	infinity	അനിശ്ചിത കാലം	Open Proxy							mlwiki
26798	67.159.57.163	Anoopan	2008-06-19T19:18:39Z	infinity	അനിശ്ചിത കാലം	Open Proxy							mlwiki
26797	76.164.196.162	Anoopan	2008-06-19T19:18:20Z	infinity	അനിശ്ചിത കാലം	Open Proxy							mlwiki
26796	66.55.138.71	Anoopan	2008-06-19T19:16:13Z	infinity	അനിശ്ചിത കാലം	Open Proxy							mlwiki
26795	69.50.199.211	Anoopan	2008-06-19T19:15:46Z	infinity	അനിശ്ചിത കാലം	Open Proxy							mlwiki
26794	64.18.152.126	Anoopan	2008-06-19T19:15:32Z	infinity	അനിശ്ചിത കാലം	Open Proxy							mlwiki
26793	213.226.69.237	Anoopan	2008-06-19T19:15:14Z	infinity	അനിശ്ചിത കാലം	Open Proxy							mlwiki
26792	67.159.50.133	Anoopan	2008-06-19T19:15:02Z	infinity	അനിശ്ചിത കാലം	Open Proxy							mlwiki
26791	67.159.50.93	Anoopan	2008-06-19T19:14:45Z	infinity	അനിശ്ചിത കാലം	Open Proxy							mlwiki
26790	74.54.131.98	Anoopan	2008-06-19T19:14:34Z	infinity	അനിശ്ചിത കാലം	Open Proxy							mlwiki
26789	208.53.132.170	Anoopan	2008-06-19T19:14:06Z	infinity	അനിശ്ചിത കാലം	Open Proxy							mlwiki
26788	64.111.199.221	Anoopan	2008-06-19T19:13:54Z	infinity	അനിശ്ചിത കാലം	Open Proxy							mlwiki
26787	208.72.0.7	Anoopan	2008-06-19T19:13:43Z	infinity	അനിശ്ചിത കാലം	Open Proxy							mlwiki
26786	74.208.27.30	Anoopan	2008-06-19T19:13:29Z	infinity	അനിശ്ചിത കാലം	Open Proxy							mlwiki
26785	70.87.239.82	Anoopan	2008-06-19T19:13:03Z	infinity	അനിശ്ചിത കാലം	Open Proxy							mlwiki
26784	66.197.205.230	Anoopan	2008-06-19T19:12:51Z	infinity	അനിശ്ചിത കാലം	Open Proxy							mlwiki
26783	66.187.103.49	Anoopan	2008-06-19T19:12:38Z	infinity	അനിശ്ചിത കാലം	Open Proxy							mlwiki
26782	72.36.145.141	Anoopan	2008-06-19T19:12:22Z	infinity	അനിശ്ചിത കാലം	Open Proxy							mlwiki
26781	74.86.180.98	Anoopan	2008-06-19T19:12:08Z	infinity	അനിശ്ചിത കാലം	Open Proxy							mlwiki
26780	216.32.67.204	Anoopan	2008-06-19T19:11:06Z	infinity	അനിശ്ചിത കാലം	Open Proxy							mlwiki
26779	67.159.44.155	Anoopan	2008-06-19T19:10:49Z	infinity	അനിശ്ചിത കാലം	Open Proxy							mlwiki
26778	69.46.228.187	Anoopan	2008-06-19T19:10:31Z	infinity	അനിശ്ചിത കാലം	Open Proxy							mlwiki
26777	72.232.82.123	Anoopan	2008-06-19T19:10:19Z	infinity	അനിശ്ചിത കാലം	Open Proxy							mlwiki
26776	216.34.131.135	Anoopan	2008-06-19T19:10:03Z	infinity	അനിശ്ചിത കാലം	Open Proxy							mlwiki
26775	216.40.219.160	Anoopan	2008-06-19T19:09:29Z	infinity	അനിശ്ചിത കാലം	Open Proxy							mlwiki
26774	74.208.81.246	Anoopan	2008-06-19T19:09:18Z	infinity	അനിശ്ചിത കാലം	Open Proxy							mlwiki
26773	82.195.136.187	Anoopan	2008-06-19T19:08:45Z	infinity	അനിശ്ചിത കാലം	Open Proxy							mlwiki
26772	74.86.92.68	Anoopan	2008-06-19T19:08:31Z	infinity	അനിശ്ചിത കാലം	Open Proxy							mlwiki
26771	75.127.82.18	Anoopan	2008-06-19T19:08:15Z	infinity	അനിശ്ചിത കാലം	Open Proxy							mlwiki
26770	208.53.157.248	Anoopan	2008-06-19T19:07:23Z	infinity	അനിശ്ചിത കാലം	Open Proxy							mlwiki
26769	85.17.237.211	Anoopan	2008-06-19T19:06:25Z	infinity	അനിശ്ചിത കാലം	Open Proxy							mlwiki
26768	72.232.228.228	Anoopan	2008-06-19T19:06:11Z	infinity	അനിശ്ചിത കാലം	Open Proxy							mlwiki
26767	76.76.19.214	Anoopan	2008-06-19T19:05:51Z	infinity	അനിശ്ചിത കാലം	Open Proxy							mlwiki
26766	66.232.113.244	Anoopan	2008-06-19T19:05:15Z	infinity	അനിശ്ചിത കാലം	Open Proxy							mlwiki
26765	72.46.136.22	Anoopan	2008-06-19T19:04:43Z	infinity	അനിശ്ചിത കാലം	Open Proxy							mlwiki
26764	74.208.89.27	Anoopan	2008-06-19T19:04:16Z	infinity	അനിശ്ചിത കാലം	Open Proxy							mlwiki
26763	66.197.250.215	Anoopan	2008-06-19T19:03:42Z	infinity	അനിശ്ചിത കാലം	Open Proxy							mlwiki
26762	92.48.194.11	Anoopan	2008-06-19T19:01:55Z	infinity	അനിശ്ചിത കാലം	Open Proxy							mlwiki
26761	69.89.31.227	Anoopan	2008-06-19T19:01:21Z	infinity	അനിശ്ചിത കാലം	Open Proxy							mlwiki
26760	67.159.41.89	Anoopan	2008-06-19T19:00:44Z	infinity	അനിശ്ചിത കാലം	Open Proxy							mlwiki
26759	74.63.75.74	Anoopan	2008-06-19T18:59:53Z	infinity	അനിശ്ചിത കാലം	Open Proxy							mlwiki
26758	89.248.168.32	Anoopan	2008-06-19T18:59:12Z	infinity	അനിശ്ചിത കാലം	Open Proxy							mlwiki
26757	208.101.18.232	Anoopan	2008-06-19T18:58:38Z	infinity	അനിശ്ചിത കാലം	Open Proxy							mlwiki
26756	67.159.56.109	Anoopan	2008-06-19T18:58:09Z	infinity	അനിശ്ചിത കാലം	Open Proxy							mlwiki
26755	85.92.130.45	Anoopan	2008-06-19T18:56:33Z	infinity	അനിശ്ചിത കാലം	Open Proxy							mlwiki
26748	77.31.211.66	Anoopan	2008-06-16T15:02:50Z	infinity	അനിശ്ചിത കാലം	മാന്യമല്ലാത്ത പെരുമാറ്റം							mlwiki
26744	74.54.42.226	Anoopan	2008-06-14T19:05:56Z	infinity	അനിശ്ചിത കാലം	Open Proxy							mlwiki
26743	208.66.77.18	Anoopan	2008-06-14T19:03:53Z	infinity	അനിശ്ചിത കാലം	Open Proxy							mlwiki
26738	38.99.105.247	Jacob.jose	2008-06-10T15:49:50Z	infinity	അനിശ്ചിത കാലം	Open Proxy							mlwiki
26733	78.93.118.138	Sadik Khalid	2008-06-09T17:43:58Z	infinity	അനിശ്ചിത കാലം	തെറ്റായ വിവരങ്ങൾ ചേർക്കുക							mlwiki
26726	117.196.147.29	Sadik Khalid	2008-06-05T12:07:59Z	infinity	അനിശ്ചിത കാലം	മാന്യമല്ലാത്ത പെരുമാറ്റം							mlwiki
26723	67.159.44.103	Jacob.jose	2008-06-04T12:43:34Z	infinity	അനിശ്ചിത കാലം	Open Proxy							mlwiki
26703	78.93.126.158	Sadik Khalid	2008-05-28T16:12:46Z	infinity	അനിശ്ചിത കാലം	മാന്യമല്ലാത്ത പെരുമാറ്റം							mlwiki
26694	85.21.115.2	Jacob.jose	2008-05-23T19:43:19Z	infinity	അനിശ്ചിത കാലം	Open Proxy							mlwiki
26693	218.25.214.216	Jacob.jose	2008-05-23T19:43:03Z	infinity	അനിശ്ചിത കാലം	Open Proxy							mlwiki
26692	202.105.182.87	Jacob.jose	2008-05-23T19:42:55Z	infinity	അനിശ്ചിത കാലം	Open Proxy							mlwiki
26691	203.199.235.157	Jacob.jose	2008-05-23T19:42:49Z	infinity	അനിശ്ചിത കാലം	Open Proxy							mlwiki
26690	72.36.131.99	Jacob.jose	2008-05-23T19:42:42Z	infinity	അനിശ്ചിത കാലം	Open Proxy							mlwiki
26689	61.133.87.226	Jacob.jose	2008-05-23T19:42:24Z	infinity	അനിശ്ചിത കാലം	Open Proxy							mlwiki
26688	190.13.197.215	Jacob.jose	2008-05-23T19:42:16Z	infinity	അനിശ്ചിത കാലം	Open Proxy							mlwiki
26687	222.151.117.204	Jacob.jose	2008-05-23T19:42:07Z	infinity	അനിശ്ചിത കാലം	Open Proxy							mlwiki
26686	189.21.192.6	Jacob.jose	2008-05-23T19:41:58Z	infinity	അനിശ്ചിത കാലം	Open Proxy							mlwiki
26685	202.63.226.89	Jacob.jose	2008-05-23T19:41:51Z	infinity	അനിശ്ചിത കാലം	Open Proxy							mlwiki
26684	203.144.160.245	Jacob.jose	2008-05-23T19:41:43Z	infinity	അനിശ്ചിത കാലം	Open Proxy							mlwiki
26683	201.70.17.163	Jacob.jose	2008-05-23T19:41:37Z	infinity	അനിശ്ചിത കാലം	Open Proxy							mlwiki
26682	80.191.83.5	Jacob.jose	2008-05-23T19:41:22Z	infinity	അനിശ്ചിത കാലം	Open Proxy							mlwiki
26681	222.169.226.202	Jacob.jose	2008-05-23T19:41:12Z	infinity	അനിശ്ചിത കാലം	Open Proxy							mlwiki
26680	76.14.116.226	Jacob.jose	2008-05-23T19:40:56Z	infinity	അനിശ്ചിത കാലം	Open Proxy							mlwiki
26679	218.25.101.173	Jacob.jose	2008-05-23T19:40:45Z	infinity	അനിശ്ചിത കാലം	Open Proxy							mlwiki
26678	216.93.183.68	Jacob.jose	2008-05-23T19:40:38Z	infinity	അനിശ്ചിത കാലം	Open Proxy							mlwiki
26677	98.215.72.184	Jacob.jose	2008-05-23T19:40:32Z	infinity	അനിശ്ചിത കാലം	Open Proxy							mlwiki
26676	206.53.51.211	Jacob.jose	2008-05-23T19:40:21Z	infinity	അനിശ്ചിത കാലം	Open Proxy							mlwiki
26675	202.166.164.73	Jacob.jose	2008-05-23T19:39:53Z	infinity	അനിശ്ചിത കാലം	Open Proxy							mlwiki
26674	210.20.219.38	Jacob.jose	2008-05-23T19:39:37Z	infinity	അനിശ്ചിത കാലം	Open Proxy							mlwiki
26673	131.156.127.37	Jacob.jose	2008-05-23T19:39:28Z	infinity	അനിശ്ചിത കാലം	Open Proxy							mlwiki
26672	64.244.8.100	Jacob.jose	2008-05-23T19:39:17Z	infinity	അനിശ്ചിത കാലം	Open Proxy							mlwiki
26671	207.38.4.12	Jacob.jose	2008-05-23T19:39:08Z	infinity	അനിശ്ചിത കാലം	Open Proxy							mlwiki
26670	218.249.83.87	Jacob.jose	2008-05-23T19:39:00Z	infinity	അനിശ്ചിത കാലം	Open Proxy							mlwiki
26669	12.32.217.24	Jacob.jose	2008-05-23T19:38:53Z	infinity	അനിശ്ചിത കാലം	Open Proxy							mlwiki
26668	123.127.219.252	Jacob.jose	2008-05-23T19:38:45Z	infinity	അനിശ്ചിത കാലം	Open Proxy							mlwiki
26667	63.226.162.114	Jacob.jose	2008-05-23T19:38:34Z	infinity	അനിശ്ചിത കാലം	Open Proxy							mlwiki
26666	72.55.188.165	Jacob.jose	2008-05-23T19:38:25Z	infinity	അനിശ്ചിത കാലം	Open Proxy							mlwiki
26665	210.76.65.212	Jacob.jose	2008-05-23T19:38:19Z	infinity	അനിശ്ചിത കാലം	Open Proxy							mlwiki
26664	60.250.153.11	Jacob.jose	2008-05-23T19:38:10Z	infinity	അനിശ്ചിത കാലം	Open Proxy							mlwiki
26663	87.236.233.52	Jacob.jose	2008-05-23T19:38:01Z	infinity	അനിശ്ചിത കാലം	Open Proxy							mlwiki
26662	72.21.52.154	Jacob.jose	2008-05-23T19:37:49Z	infinity	അനിശ്ചിത കാലം	Open Proxy							mlwiki
26661	69.74.57.14	Jacob.jose	2008-05-23T19:37:40Z	infinity	അനിശ്ചിത കാലം	Open Proxy							mlwiki
26660	66.99.246.227	Jacob.jose	2008-05-23T19:37:31Z	infinity	അനിശ്ചിത കാലം	Open Proxy							mlwiki
26659	194.117.241.171	Jacob.jose	2008-05-23T19:37:11Z	infinity	അനിശ്ചിത കാലം	Open Proxy							mlwiki
26658	200.247.63.41	Jacob.jose	2008-05-23T19:37:01Z	infinity	അനിശ്ചിത കാലം	Open Proxy							mlwiki
26657	209.190.232.73	Jacob.jose	2008-05-23T19:36:52Z	infinity	അനിശ്ചിത കാലം	Open Proxy							mlwiki
26656	59.158.246.53	Jacob.jose	2008-05-23T19:36:42Z	infinity	അനിശ്ചിത കാലം	Open Proxy							mlwiki
26655	208.59.166.44	Jacob.jose	2008-05-23T19:36:34Z	infinity	അനിശ്ചിത കാലം	Open Proxy							mlwiki
26654	71.206.81.186	Jacob.jose	2008-05-23T19:36:24Z	infinity	അനിശ്ചിത കാലം	Open Proxy							mlwiki
26653	76.191.98.195	Jacob.jose	2008-05-23T19:29:34Z	infinity	അനിശ്ചിത കാലം	Open Proxy							mlwiki
26645	89.207.233.158	Jacob.jose	2008-05-22T19:32:51Z	infinity	അനിശ്ചിത കാലം	Open Proxy - See Luxo contribs							mlwiki
26644	66.192.131.55	Jacob.jose	2008-05-22T12:52:49Z	infinity	അനിശ്ചിത കാലം	Open Proxy							mlwiki
26640	91.90.10.230	DerHexer	2008-05-17T11:59:14Z	infinity	അനിശ്ചിത കാലം	[[meta:No open proxies]]							mlwiki
26639	91.84.248.29	DerHexer	2008-05-17T11:59:06Z	infinity	അനിശ്ചിത കാലം	[[meta:No open proxies]]							mlwiki
26638	91.196.171.18	DerHexer	2008-05-17T11:58:43Z	infinity	അനിശ്ചിത കാലം	[[meta:No open proxies]]							mlwiki
26637	91.194.90.76	DerHexer	2008-05-17T11:58:37Z	infinity	അനിശ്ചിത കാലം	[[meta:No open proxies]]							mlwiki
26636	91.121.78.98	DerHexer	2008-05-17T11:58:05Z	infinity	അനിശ്ചിത കാലം	[[meta:No open proxies]]							mlwiki
26635	91.121.102.15	DerHexer	2008-05-17T11:57:52Z	infinity	അനിശ്ചിത കാലം	[[meta:No open proxies]]							mlwiki
26634	89.32.15.6	DerHexer	2008-05-17T11:57:29Z	infinity	അനിശ്ചിത കാലം	[[meta:No open proxies]]							mlwiki
26633	89.207.233.150	DerHexer	2008-05-17T11:57:01Z	infinity	അനിശ്ചിത കാലം	[[meta:No open proxies]]							mlwiki
26632	89.19.4.202	DerHexer	2008-05-17T11:56:49Z	infinity	അനിശ്ചിത കാലം	[[meta:No open proxies]]							mlwiki
26631	89.18.176.145	DerHexer	2008-05-17T11:56:43Z	infinity	അനിശ്ചിത കാലം	[[meta:No open proxies]]							mlwiki
26630	89.179.223.243	DerHexer	2008-05-17T11:56:36Z	infinity	അനിശ്ചിത കാലം	[[meta:No open proxies]]							mlwiki
26629	89.163.43.38	DerHexer	2008-05-17T11:56:17Z	infinity	അനിശ്ചിത കാലം	[[meta:No open proxies]]							mlwiki
26628	89.149.254.34	DerHexer	2008-05-17T11:56:04Z	infinity	അനിശ്ചിത കാലം	[[meta:No open proxies]]							mlwiki
26627	89.149.244.184	DerHexer	2008-05-17T11:56:01Z	infinity	അനിശ്ചിത കാലം	[[meta:No open proxies]]							mlwiki
26626	88.80.208.198	DerHexer	2008-05-17T11:54:50Z	infinity	അനിശ്ചിത കാലം	[[meta:No open proxies]]							mlwiki
26625	88.72.253.26	DerHexer	2008-05-17T11:53:41Z	infinity	അനിശ്ചിത കാലം	[[meta:No open proxies]]							mlwiki
26624	88.255.192.42	DerHexer	2008-05-17T11:48:50Z	infinity	അനിശ്ചിത കാലം	[[meta:No open proxies]]							mlwiki
26623	88.229.164.91	DerHexer	2008-05-17T11:47:51Z	infinity	അനിശ്ചിത കാലം	[[meta:No open proxies]]							mlwiki
26622	88.224.32.214	DerHexer	2008-05-17T11:46:40Z	infinity	അനിശ്ചിത കാലം	[[meta:No open proxies]]							mlwiki
26621	88.218.72.125	DerHexer	2008-05-17T11:43:11Z	infinity	അനിശ്ചിത കാലം	[[meta:No open proxies]]							mlwiki
26620	88.198.39.194	DerHexer	2008-05-17T11:40:24Z	infinity	അനിശ്ചിത കാലം	[[meta:No open proxies]]							mlwiki
26619	88.198.16.135	DerHexer	2008-05-17T11:39:43Z	infinity	അനിശ്ചിത കാലം	[[meta:No open proxies]]							mlwiki
26618	88.198.107.250	DerHexer	2008-05-17T11:39:20Z	infinity	അനിശ്ചിത കാലം	[[meta:No open proxies]]							mlwiki
26617	88.191.37.113	DerHexer	2008-05-17T11:36:02Z	infinity	അനിശ്ചിത കാലം	[[meta:No open proxies]]							mlwiki
26616	88.191.25.38	DerHexer	2008-05-17T11:35:32Z	infinity	അനിശ്ചിത കാലം	[[meta:No open proxies]]							mlwiki
26615	88.147.165.40	DerHexer	2008-05-17T11:33:27Z	infinity	അനിശ്ചിത കാലം	[[meta:No open proxies]]							mlwiki
26614	87.98.217.146	DerHexer	2008-05-17T11:31:19Z	infinity	അനിശ്ചിത കാലം	[[meta:No open proxies]]							mlwiki
26613	87.79.3.71	DerHexer	2008-05-17T11:28:23Z	infinity	അനിശ്ചിത കാലം	[[meta:No open proxies]]							mlwiki
26612	87.79.3.210	DerHexer	2008-05-17T11:22:22Z	infinity	അനിശ്ചിത കാലം	[[meta:No open proxies]]							mlwiki
26611	87.79.3.166	DerHexer	2008-05-17T11:19:04Z	infinity	അനിശ്ചിത കാലം	[[meta:No open proxies]]							mlwiki
26610	87.79.3.120	DerHexer	2008-05-17T11:15:52Z	infinity	അനിശ്ചിത കാലം	[[meta:No open proxies]]							mlwiki
26609	87.249.53.100	DerHexer	2008-05-17T11:11:03Z	infinity	അനിശ്ചിത കാലം	[[meta:No open proxies]]							mlwiki
26608	87.246.135.14	DerHexer	2008-05-17T11:10:21Z	infinity	അനിശ്ചിത കാലം	[[meta:No open proxies]]							mlwiki
26607	87.239.176.4	DerHexer	2008-05-17T11:09:31Z	infinity	അനിശ്ചിത കാലം	[[meta:No open proxies]]							mlwiki
26606	87.230.86.10	DerHexer	2008-05-17T11:07:59Z	infinity	അനിശ്ചിത കാലം	[[meta:No open proxies]]							mlwiki
26605	87.216.186.252	DerHexer	2008-05-17T11:06:37Z	infinity	അനിശ്ചിത കാലം	[[meta:No open proxies]]							mlwiki
26604	87.19.163.71	DerHexer	2008-05-17T11:03:31Z	infinity	അനിശ്ചിത കാലം	[[meta:No open proxies]]							mlwiki
26603	87.16.61.224	DerHexer	2008-05-17T11:00:52Z	infinity	അനിശ്ചിത കാലം	[[meta:No open proxies]]							mlwiki
26602	87.122.222.129	DerHexer	2008-05-17T10:58:14Z	infinity	അനിശ്ചിത കാലം	[[meta:No open proxies]]							mlwiki
26601	87.120.89.220	DerHexer	2008-05-17T10:56:07Z	infinity	അനിശ്ചിത കാലം	[[meta:No open proxies]]							mlwiki
26600	87.117.199.127	DerHexer	2008-05-17T10:54:15Z	infinity	അനിശ്ചിത കാലം	[[meta:No open proxies]]							mlwiki
26599	87.105.143.103	DerHexer	2008-05-17T10:52:48Z	infinity	അനിശ്ചിത കാലം	[[meta:No open proxies]]							mlwiki
26598	87.101.244.9	DerHexer	2008-05-17T10:52:26Z	infinity	അനിശ്ചിത കാലം	[[meta:No open proxies]]							mlwiki
26597	86.88.140.156	DerHexer	2008-05-17T10:51:40Z	infinity	അനിശ്ചിത കാലം	[[meta:No open proxies]]							mlwiki
26596	86.62.77.198	DerHexer	2008-05-17T10:49:55Z	infinity	അനിശ്ചിത കാലം	[[meta:No open proxies]]							mlwiki
26595	85.25.136.151	DerHexer	2008-05-16T21:50:23Z	infinity	അനിശ്ചിത കാലം	[[meta:No open proxies]]							mlwiki
26594	85.25.134.234	DerHexer	2008-05-16T21:50:19Z	infinity	അനിശ്ചിത കാലം	[[meta:No open proxies]]							mlwiki
26593	85.234.157.148	DerHexer	2008-05-16T21:49:22Z	infinity	അനിശ്ചിത കാലം	[[meta:No open proxies]]							mlwiki
26592	85.228.78.165	DerHexer	2008-05-16T21:48:18Z	infinity	അനിശ്ചിത കാലം	[[meta:No open proxies]]							mlwiki
26591	85.214.25.228	DerHexer	2008-05-16T21:44:56Z	infinity	അനിശ്ചിത കാലം	[[meta:No open proxies]]							mlwiki
26590	85.214.23.36	DerHexer	2008-05-16T21:44:55Z	infinity	അനിശ്ചിത കാലം	[[meta:No open proxies]]							mlwiki
26589	85.214.121.238	DerHexer	2008-05-16T21:44:31Z	infinity	അനിശ്ചിത കാലം	[[meta:No open proxies]]							mlwiki
26588	85.186.159.233	DerHexer	2008-05-16T21:39:59Z	infinity	അനിശ്ചിത കാലം	[[meta:No open proxies]]							mlwiki
26587	85.132.223.108	DerHexer	2008-05-16T21:16:57Z	infinity	അനിശ്ചിത കാലം	[[meta:No open proxies]]							mlwiki
26586	85.12.72.221	DerHexer	2008-05-16T21:16:11Z	infinity	അനിശ്ചിത കാലം	[[meta:No open proxies]]							mlwiki
26585	84.243.242.90	DerHexer	2008-05-16T20:54:43Z	infinity	അനിശ്ചിത കാലം	[[meta:No open proxies]]							mlwiki
26584	84.207.17.70	DerHexer	2008-05-16T20:51:31Z	infinity	അനിശ്ചിത കാലം	[[meta:No open proxies]]							mlwiki
26583	84.180.51.232	DerHexer	2008-05-16T20:46:12Z	infinity	അനിശ്ചിത കാലം	[[meta:No open proxies]]							mlwiki
26582	83.238.44.61	DerHexer	2008-05-16T20:16:33Z	infinity	അനിശ്ചിത കാലം	[[meta:No open proxies]]							mlwiki
26581	83.217.192.160	DerHexer	2008-05-16T20:09:14Z	infinity	അനിശ്ചിത കാലം	[[meta:No open proxies]]							mlwiki
26580	83.17.123.186	DerHexer	2008-05-16T20:05:00Z	infinity	അനിശ്ചിത കാലം	[[meta:No open proxies]]							mlwiki
26579	83.15.27.68	DerHexer	2008-05-16T20:03:33Z	infinity	അനിശ്ചിത കാലം	[[meta:No open proxies]]							mlwiki
26578	83.145.96.143	DerHexer	2008-05-16T20:02:42Z	infinity	അനിശ്ചിത കാലം	[[meta:No open proxies]]							mlwiki
26577	83.14.223.198	DerHexer	2008-05-16T20:01:25Z	infinity	അനിശ്ചിത കാലം	[[meta:No open proxies]]							mlwiki
26576	82.94.187.199	DerHexer	2008-05-16T19:58:14Z	infinity	അനിശ്ചിത കാലം	[[meta:No open proxies]]							mlwiki
26575	82.138.56.177	DerHexer	2008-05-16T19:25:13Z	infinity	അനിശ്ചിത കാലം	[[meta:No open proxies]]							mlwiki
26574	82.103.71.98	DerHexer	2008-05-16T19:20:39Z	infinity	അനിശ്ചിത കാലം	[[meta:No open proxies]]							mlwiki
26573	81.56.51.23	DerHexer	2008-05-16T19:17:01Z	infinity	അനിശ്ചിത കാലം	[[meta:No open proxies]]							mlwiki
26572	81.29.213.70	DerHexer	2008-05-16T19:15:55Z	infinity	അനിശ്ചിത കാലം	[[meta:No open proxies]]							mlwiki
26571	81.189.106.138	DerHexer	2008-05-16T19:09:31Z	infinity	അനിശ്ചിത കാലം	[[meta:No open proxies]]							mlwiki
26570	81.169.139.133	DerHexer	2008-05-16T19:07:25Z	infinity	അനിശ്ചിത കാലം	[[meta:No open proxies]]							mlwiki
26569	81.163.52.180	DerHexer	2008-05-16T19:06:19Z	infinity	അനിശ്ചിത കാലം	[[meta:No open proxies]]							mlwiki
26568	81.163.24.229	DerHexer	2008-05-16T19:06:17Z	infinity	അനിശ്ചിത കാലം	[[meta:No open proxies]]							mlwiki
26567	80.93.227.57	DerHexer	2008-05-16T19:03:34Z	infinity	അനിശ്ചിത കാലം	[[meta:No open proxies]]							mlwiki
26566	80.86.83.20	DerHexer	2008-05-16T19:02:50Z	infinity	അനിശ്ചിത കാലം	[[meta:No open proxies]]							mlwiki
26565	80.249.115.146	DerHexer	2008-05-16T18:52:52Z	infinity	അനിശ്ചിത കാലം	[[meta:No open proxies]]							mlwiki
26564	8.17.168.106	DerHexer	2008-05-16T18:42:19Z	infinity	അനിശ്ചിത കാലം	[[meta:No open proxies]]							mlwiki
26563	8.12.40.183	DerHexer	2008-05-16T18:42:06Z	infinity	അനിശ്ചിത കാലം	[[meta:No open proxies]]							mlwiki
26562	78.31.67.68	DerHexer	2008-05-16T18:41:55Z	infinity	അനിശ്ചിത കാലം	[[meta:No open proxies]]							mlwiki
26561	77.91.33.148	DerHexer	2008-05-16T18:41:13Z	infinity	അനിശ്ചിത കാലം	[[meta:No open proxies]]							mlwiki
26560	77.100.73.81	DerHexer	2008-05-16T18:40:50Z	infinity	അനിശ്ചിത കാലം	[[meta:No open proxies]]							mlwiki
26559	76.79.78.45	DerHexer	2008-05-16T18:40:48Z	infinity	അനിശ്ചിത കാലം	[[meta:No open proxies]]							mlwiki
26558	76.27.252.231	DerHexer	2008-05-16T18:40:19Z	infinity	അനിശ്ചിത കാലം	[[meta:No open proxies]]							mlwiki
26557	76.191.102.160	DerHexer	2008-05-16T18:40:07Z	infinity	അനിശ്ചിത കാലം	[[meta:No open proxies]]							mlwiki
26556	75.5.176.6	DerHexer	2008-05-16T18:39:21Z	infinity	അനിശ്ചിത കാലം	[[meta:No open proxies]]							mlwiki
26555	75.125.166.19	DerHexer	2008-05-16T18:37:43Z	infinity	അനിശ്ചിത കാലം	[[meta:No open proxies]]							mlwiki
26554	75.102.25.23	DerHexer	2008-05-16T18:37:32Z	infinity	അനിശ്ചിത കാലം	[[meta:No open proxies]]							mlwiki
26553	74.86.60.98	DerHexer	2008-05-16T18:37:03Z	infinity	അനിശ്ചിത കാലം	[[meta:No open proxies]]							mlwiki
26552	74.69.77.104	DerHexer	2008-05-16T18:36:47Z	infinity	അനിശ്ചിത കാലം	[[meta:No open proxies]]							mlwiki
26551	74.63.84.70	DerHexer	2008-05-16T18:36:46Z	infinity	അനിശ്ചിത കാലം	[[meta:No open proxies]]							mlwiki
26550	74.63.84.68	DerHexer	2008-05-16T18:36:44Z	infinity	അനിശ്ചിത കാലം	[[meta:No open proxies]]							mlwiki
26549	74.63.84.61	DerHexer	2008-05-16T18:36:43Z	infinity	അനിശ്ചിത കാലം	[[meta:No open proxies]]							mlwiki
26548	74.63.84.60	DerHexer	2008-05-16T18:36:41Z	infinity	അനിശ്ചിത കാലം	[[meta:No open proxies]]							mlwiki
26547	74.62.155.33	DerHexer	2008-05-16T18:36:37Z	infinity	അനിശ്ചിത കാലം	[[meta:No open proxies]]							mlwiki
26546	74.62.153.51	DerHexer	2008-05-16T18:36:36Z	infinity	അനിശ്ചിത കാലം	[[meta:No open proxies]]							mlwiki
26545	74.62.153.30	DerHexer	2008-05-16T18:36:30Z	infinity	അനിശ്ചിത കാലം	[[meta:No open proxies]]							mlwiki
26544	74.54.81.132	DerHexer	2008-05-16T18:36:22Z	infinity	അനിശ്ചിത കാലം	[[meta:No open proxies]]							mlwiki
26543	74.41.223.86	DerHexer	2008-05-16T18:35:34Z	infinity	അനിശ്ചിത കാലം	[[meta:No open proxies]]							mlwiki
26542	74.220.207.85	DerHexer	2008-05-16T18:35:21Z	infinity	അനിശ്ചിത കാലം	[[meta:No open proxies]]							mlwiki
26541	74.220.207.188	DerHexer	2008-05-16T18:35:17Z	infinity	അനിശ്ചിത കാലം	[[meta:No open proxies]]							mlwiki
26540	74.220.207.119	DerHexer	2008-05-16T18:35:13Z	infinity	അനിശ്ചിത കാലം	[[meta:No open proxies]]							mlwiki
26539	74.200.70.104	DerHexer	2008-05-16T18:34:30Z	infinity	അനിശ്ചിത കാലം	[[meta:No open proxies]]							mlwiki
26538	72.9.107.138	DerHexer	2008-05-16T18:33:01Z	infinity	അനിശ്ചിത കാലം	[[meta:No open proxies]]							mlwiki
26537	72.8.127.171	DerHexer	2008-05-16T18:32:43Z	infinity	അനിശ്ചിത കാലം	[[meta:No open proxies]]							mlwiki
26536	72.68.133.8	DerHexer	2008-05-16T18:32:41Z	infinity	അനിശ്ചിത കാലം	[[meta:No open proxies]]							mlwiki
26535	72.55.165.26	DerHexer	2008-05-16T18:32:09Z	infinity	അനിശ്ചിത കാലം	[[meta:No open proxies]]							mlwiki
26534	72.51.39.235	DerHexer	2008-05-16T18:31:47Z	infinity	അനിശ്ചിത കാലം	[[meta:No open proxies]]							mlwiki
26533	72.47.220.138	DerHexer	2008-05-16T18:31:21Z	infinity	അനിശ്ചിത കാലം	[[meta:No open proxies]]							mlwiki
26532	72.46.136.18	DerHexer	2008-05-16T18:31:20Z	infinity	അനിശ്ചിത കാലം	[[meta:No open proxies]]							mlwiki
26531	72.36.245.194	DerHexer	2008-05-16T18:30:02Z	infinity	അനിശ്ചിത കാലം	[[meta:No open proxies]]							mlwiki
26530	72.36.167.178	DerHexer	2008-05-16T18:28:45Z	infinity	അനിശ്ചിത കാലം	[[meta:No open proxies]]							mlwiki
26529	72.36.145.138	DerHexer	2008-05-16T18:28:28Z	infinity	അനിശ്ചിത കാലം	[[meta:No open proxies]]							mlwiki
26528	72.36.112.73	DerHexer	2008-05-16T18:28:17Z	infinity	അനിശ്ചിത കാലം	[[meta:No open proxies]]							mlwiki
26527	72.32.210.16	DerHexer	2008-05-16T18:28:13Z	infinity	അനിശ്ചിത കാലം	[[meta:No open proxies]]							mlwiki
26526	72.236.184.249	DerHexer	2008-05-16T18:25:47Z	infinity	അനിശ്ചിത കാലം	[[meta:No open proxies]]							mlwiki
26525	72.232.76.28	DerHexer	2008-05-16T18:25:15Z	infinity	അനിശ്ചിത കാലം	[[meta:No open proxies]]							mlwiki
26524	72.20.5.22	DerHexer	2008-05-16T18:19:43Z	infinity	അനിശ്ചിത കാലം	[[meta:No open proxies]]							mlwiki
26523	72.167.41.167	DerHexer	2008-05-16T18:18:24Z	infinity	അനിശ്ചിത കാലം	[[meta:No open proxies]]							mlwiki
26522	72.167.115.164	DerHexer	2008-05-16T18:18:08Z	infinity	അനിശ്ചിത കാലം	[[meta:No open proxies]]							mlwiki
26521	72.11.142.188	DerHexer	2008-05-16T18:16:48Z	infinity	അനിശ്ചിത കാലം	[[meta:No open proxies]]							mlwiki
26520	71.239.240.255	DerHexer	2008-05-16T18:13:45Z	infinity	അനിശ്ചിത കാലം	[[meta:No open proxies]]							mlwiki
26519	71.10.73.129	DerHexer	2008-05-16T18:09:46Z	infinity	അനിശ്ചിത കാലം	[[meta:No open proxies]]							mlwiki
26518	70.85.76.143	DerHexer	2008-05-16T18:07:30Z	infinity	അനിശ്ചിത കാലം	[[meta:No open proxies]]							mlwiki
26517	70.85.195.239	DerHexer	2008-05-16T18:07:08Z	infinity	അനിശ്ചിത കാലം	[[meta:No open proxies]]							mlwiki
26516	70.85.195.233	DerHexer	2008-05-16T18:07:06Z	infinity	അനിശ്ചിത കാലം	[[meta:No open proxies]]							mlwiki
26515	70.85.195.230	DerHexer	2008-05-16T18:07:05Z	infinity	അനിശ്ചിത കാലം	[[meta:No open proxies]]							mlwiki
26514	70.85.195.227	DerHexer	2008-05-16T18:07:03Z	infinity	അനിശ്ചിത കാലം	[[meta:No open proxies]]							mlwiki
26513	70.84.106.146	DerHexer	2008-05-16T18:04:44Z	infinity	അനിശ്ചിത കാലം	[[meta:No open proxies]]							mlwiki
26512	69.80.226.64/26	DerHexer	2008-05-16T17:48:50Z	infinity	അനിശ്ചിത കാലം	[[meta:No open proxies]]							mlwiki
26510	68.228.142.224	DerHexer	2008-05-16T09:12:04Z	infinity	അനിശ്ചിത കാലം	[[meta:No open proxies]]							mlwiki
26509	68.149.163.234	DerHexer	2008-05-16T09:03:44Z	infinity	അനിശ്ചിത കാലം	[[meta:No open proxies]]							mlwiki
26508	68.118.156.249	DerHexer	2008-05-16T09:01:28Z	infinity	അനിശ്ചിത കാലം	[[meta:No open proxies]]							mlwiki
26507	67.98.188.102	DerHexer	2008-05-16T08:55:56Z	infinity	അനിശ്ചിത കാലം	[[meta:No open proxies]]							mlwiki
26506	67.71.182.43	DerHexer	2008-05-16T08:53:44Z	infinity	അനിശ്ചിത കാലം	[[meta:No open proxies]]							mlwiki
26505	67.23.145.190	DerHexer	2008-05-16T08:51:06Z	infinity	അനിശ്ചിത കാലം	[[meta:No open proxies]]							mlwiki
26504	67.228.31.38	DerHexer	2008-05-16T08:51:02Z	infinity	അനിശ്ചിത കാലം	[[meta:No open proxies]]							mlwiki
26503	67.220.207.114	DerHexer	2008-05-16T08:51:00Z	infinity	അനിശ്ചിത കാലം	[[meta:No open proxies]]							mlwiki
26502	67.205.94.9	DerHexer	2008-05-16T08:50:51Z	infinity	അനിശ്ചിത കാലം	[[meta:No open proxies]]							mlwiki
26501	67.205.94.10	DerHexer	2008-05-16T08:50:49Z	infinity	അനിശ്ചിത കാലം	[[meta:No open proxies]]							mlwiki
26500	67.18.176.110	DerHexer	2008-05-16T08:46:31Z	infinity	അനിശ്ചിത കാലം	[[meta:No open proxies]]							mlwiki
26499	67.165.133.58	DerHexer	2008-05-16T08:44:14Z	infinity	അനിശ്ചിത കാലം	[[meta:No open proxies]]							mlwiki
26498	67.159.44.97	DerHexer	2008-05-16T08:41:01Z	infinity	അനിശ്ചിത കാലം	[[meta:No open proxies]]							mlwiki
26497	67.159.44.153	DerHexer	2008-05-16T08:40:31Z	infinity	അനിശ്ചിത കാലം	[[meta:No open proxies]]							mlwiki
26496	67.159.44.138	DerHexer	2008-05-16T08:40:25Z	infinity	അനിശ്ചിത കാലം	[[meta:No open proxies]]							mlwiki
26495	67.15.77.240	DerHexer	2008-05-16T08:38:23Z	infinity	അനിശ്ചിത കാലം	[[meta:No open proxies]]							mlwiki
26494	67.15.77.238	DerHexer	2008-05-16T08:38:20Z	infinity	അനിശ്ചിത കാലം	[[meta:No open proxies]]							mlwiki
26493	67.15.77.228	DerHexer	2008-05-16T08:38:17Z	infinity	അനിശ്ചിത കാലം	[[meta:No open proxies]]							mlwiki
26492	67.15.77.226	DerHexer	2008-05-16T08:38:15Z	infinity	അനിശ്ചിത കാലം	[[meta:No open proxies]]							mlwiki
26491	67.15.76.232	DerHexer	2008-05-16T08:37:14Z	infinity	അനിശ്ചിത കാലം	[[meta:No open proxies]]							mlwiki
26490	67.15.76.188	DerHexer	2008-05-16T08:37:08Z	infinity	അനിശ്ചിത കാലം	[[meta:No open proxies]]							mlwiki
26489	67.15.76.116	DerHexer	2008-05-16T08:36:31Z	infinity	അനിശ്ചിത കാലം	[[meta:No open proxies]]							mlwiki
26488	67.15.76.111	DerHexer	2008-05-16T08:36:29Z	infinity	അനിശ്ചിത കാലം	[[meta:No open proxies]]							mlwiki
26487	67.130.82.182	DerHexer	2008-05-16T08:34:06Z	infinity	അനിശ്ചിത കാലം	[[meta:No open proxies]]							mlwiki
26486	67.121.245.188	DerHexer	2008-05-16T08:33:41Z	infinity	അനിശ്ചിത കാലം	[[meta:No open proxies]]							mlwiki
26485	67.109.99.101	DerHexer	2008-05-16T08:32:56Z	infinity	അനിശ്ചിത കാലം	[[meta:No open proxies]]							mlwiki
26484	66.98.148.179	DerHexer	2008-05-16T08:31:23Z	infinity	അനിശ്ചിത കാലം	[[meta:No open proxies]]							mlwiki
26483	66.98.131.109	DerHexer	2008-05-16T08:30:20Z	infinity	അനിശ്ചിത കാലം	[[meta:No open proxies]]							mlwiki
26482	66.96.243.51	DerHexer	2008-05-16T08:29:06Z	infinity	അനിശ്ചിത കാലം	[[meta:No open proxies]]							mlwiki
26481	66.96.211.167	DerHexer	2008-05-16T08:28:44Z	infinity	അനിശ്ചിത കാലം	[[meta:No open proxies]]							mlwiki
26480	66.93.45.117	DerHexer	2008-05-16T08:28:30Z	infinity	അനിശ്ചിത കാലം	[[meta:No open proxies]]							mlwiki
26479	66.92.16.9	DerHexer	2008-05-16T08:27:49Z	infinity	അനിശ്ചിത കാലം	[[meta:No open proxies]]							mlwiki
26478	66.90.64.0/18	DerHexer	2008-05-16T08:25:56Z	infinity	അനിശ്ചിത കാലം	[[meta:No open proxies]]							mlwiki
26477	66.90.104.89	DerHexer	2008-05-16T08:25:39Z	infinity	അനിശ്ചിത കാലം	[[meta:No open proxies]]							mlwiki
26476	66.90.104.129	DerHexer	2008-05-16T08:25:36Z	infinity	അനിശ്ചിത കാലം	[[meta:No open proxies]]							mlwiki
26475	66.83.102.82	DerHexer	2008-05-16T08:24:13Z	infinity	അനിശ്ചിത കാലം	[[meta:No open proxies]]							mlwiki
26474	66.79.168.82	DerHexer	2008-05-16T08:23:34Z	infinity	അനിശ്ചിത കാലം	[[meta:No open proxies]]							mlwiki
26473	66.79.163.196	DerHexer	2008-05-16T08:22:34Z	infinity	അനിശ്ചിത കാലം	[[meta:No open proxies]]							mlwiki
26472	66.7.116.181	DerHexer	2008-05-16T08:21:01Z	infinity	അനിശ്ചിത കാലം	[[meta:No open proxies]]							mlwiki
26471	66.6.120.69	DerHexer	2008-05-16T08:20:20Z	infinity	അനിശ്ചിത കാലം	[[meta:No open proxies]]							mlwiki
26470	66.46.225.50	DerHexer	2008-05-16T08:18:51Z	infinity	അനിശ്ചിത കാലം	[[meta:No open proxies]]							mlwiki
26469	66.244.214.230	DerHexer	2008-05-16T08:13:23Z	infinity	അനിശ്ചിത കാലം	[[meta:No open proxies]]							mlwiki
26468	66.236.18.180	DerHexer	2008-05-16T08:12:32Z	infinity	അനിശ്ചിത കാലം	[[meta:No open proxies]]							mlwiki
